path,bytes,sha256
ARCHIVE_MANIFEST.json,100058,0f521223def2ed96b8d9c805be239205759a75e1344477aeb207b627be9dc498
AUTHORITY_GIT_STATUS.txt,1054,c7114e7478e1e6b69defcc34bbf5efa8cb8c044591e3a89a6e1efb807e341a95
AUTHORITY_INDEX.patch,0,e3b0c44298fc1c149afbf4c8996fb92427ae41e4649b934ca495991b7852b855
AUTHORITY_WORKTREE.patch,214902,dc591e827df6e8fc7995325ff851c26a54c247c1d7ec2dbad87b83716854e185
BUFFER_INDEX.json,12919,c1de4b496b991a9e3730312e78b62f4da7745bfbe7fa7bc21ebd63d14b8e5011
REDACTION_REPORT.json,155,b220521d87bcf581bf83f3e05bafbf053c2d9452c4e61342296783ff575b12d6
RESTORE.md,796,85791f26d09442d363c5437b0e983fc38ccd97f9f2dee62de1bcf4d75139a88a
SOURCE_BASELINE.json,925,1ca3926954e5983c9215c00d6c7155cc6636d752fd36034cab7031267d1ab273
UNTRACKED_BUILD_R3_R5_EVIDENCE.py,18985,fbb065833a8a8893cd0a2a6ac58c9941894faa87f892c69021c782cd9a188b1e
code-server-shutdown-capture-20260828/AUTHORITY_BRANCH.txt,43,9be69f9bcf700c18a1e31749c6f54eee659d69781acc93c7d48cb07eaed46707
code-server-shutdown-capture-20260828/AUTHORITY_GIT_STATUS.txt,1054,c7114e7478e1e6b69defcc34bbf5efa8cb8c044591e3a89a6e1efb807e341a95
code-server-shutdown-capture-20260828/AUTHORITY_HEAD.txt,41,76f2afb06a6094837bc81016b1183571f4bbbeb34f00d33256b2df4d2be4d404
code-server-shutdown-capture-20260828/AUTHORITY_INDEX.patch,0,e3b0c44298fc1c149afbf4c8996fb92427ae41e4649b934ca495991b7852b855
code-server-shutdown-capture-20260828/AUTHORITY_TREE.txt,41,17ad4d643439438ccb054d6a4f20c77b879f84ccce3e64607b9ba2f5ea83a2a0
code-server-shutdown-capture-20260828/AUTHORITY_WORKTREE.patch,214902,dc591e827df6e8fc7995325ff851c26a54c247c1d7ec2dbad87b83716854e185
code-server-shutdown-capture-20260828/BUFFER_INDEX.json,12919,c1de4b496b991a9e3730312e78b62f4da7745bfbe7fa7bc21ebd63d14b8e5011
code-server-shutdown-capture-20260828/CAPTURE_NOTES.json,1041,eef79fcaa1328ff41f36866e20992b2aeeaf4a3d2c3fca0c37635682b865e03d
code-server-shutdown-capture-20260828/CONVERGENCE_BRANCH.txt,41,aee733355131ff82d6e403bc8ef988311935d39725fe341edbae214f37c63a1c
code-server-shutdown-capture-20260828/CONVERGENCE_GIT_STATUS.txt,0,e3b0c44298fc1c149afbf4c8996fb92427ae41e4649b934ca495991b7852b855
code-server-shutdown-capture-20260828/CONVERGENCE_HEAD.txt,41,4ce105abf183b7957f437640b022424100f03ba9227a923d136fd88dd0d71616
code-server-shutdown-capture-20260828/CONVERGENCE_TREE.txt,41,a135335eb2a1dc9da04db9d591ae09187f07ba41aaa20a2f7d3face8746e37c7
code-server-shutdown-capture-20260828/save-anomalies/BUFFER_015_EMPTY_SAVE_RESULT.py,0,e3b0c44298fc1c149afbf4c8996fb92427ae41e4649b934ca495991b7852b855
code-server-shutdown-capture-20260828/saved-buffers/data/coding/AI-Cinematic-Studio-main-2701/experiments/k2-002-ep01-sh12-anchor-control/R5_ROOT_CAUSE.json,0,e3b0c44298fc1c149afbf4c8996fb92427ae41e4649b934ca495991b7852b855
code-server-shutdown-capture-20260828/saved-buffers/data/coding/AI-Cinematic-Studio-main-2701/experiments/k2-002-ep01-sh12-anchor-control/R6_MANIFEST.json,0,e3b0c44298fc1c149afbf4c8996fb92427ae41e4649b934ca495991b7852b855
code-server-shutdown-capture-20260828/saved-buffers/data/coding/AI-Cinematic-Studio-main-2701/experiments/k2-002-ep01-sh12-anchor-control/README.md,0,e3b0c44298fc1c149afbf4c8996fb92427ae41e4649b934ca495991b7852b855
code-server-shutdown-capture-20260828/saved-buffers/data/coding/AI-Cinematic-Studio-main-2701/experiments/k2-002-ep01-sh12-anchor-control/SOURCE_PROVENANCE.json,0,e3b0c44298fc1c149afbf4c8996fb92427ae41e4649b934ca495991b7852b855
code-server-shutdown-capture-20260828/saved-buffers/data/coding/AI-Cinematic-Studio-main-2701/experiments/k2-002-ep01-sh12-anchor-control/build_r3_r5_evidence.py,18985,fbb065833a8a8893cd0a2a6ac58c9941894faa87f892c69021c782cd9a188b1e
code-server-shutdown-capture-20260828/saved-buffers/data/coding/AI-Cinematic-Studio-main-2701/experiments/k2-002-ep01-sh12-anchor-control/collect_r5_forensics.py,0,e3b0c44298fc1c149afbf4c8996fb92427ae41e4649b934ca495991b7852b855
code-server-shutdown-capture-20260828/saved-buffers/data/coding/AI-Cinematic-Studio-main-2701/experiments/k2-002-ep01-sh12-anchor-control/control_runner_core.py,0,e3b0c44298fc1c149afbf4c8996fb92427ae41e4649b934ca495991b7852b855
code-server-shutdown-capture-20260828/saved-buffers/data/coding/AI-Cinematic-Studio-main-2701/experiments/k2-002-ep01-sh12-anchor-control/experiment.schema.json,0,e3b0c44298fc1c149afbf4c8996fb92427ae41e4649b934ca495991b7852b855
code-server-shutdown-capture-20260828/saved-buffers/data/coding/AI-Cinematic-Studio-main-2701/experiments/k2-002-ep01-sh12-anchor-control/experiments/EP01_SH12_R5_ANCHOR_ONLY.json,0,e3b0c44298fc1c149afbf4c8996fb92427ae41e4649b934ca495991b7852b855
code-server-shutdown-capture-20260828/saved-buffers/data/coding/AI-Cinematic-Studio-main-2701/experiments/k2-002-ep01-sh12-anchor-control/r6_protocol.py,0,e3b0c44298fc1c149afbf4c8996fb92427ae41e4649b934ca495991b7852b855
code-server-shutdown-capture-20260828/saved-buffers/data/coding/AI-Cinematic-Studio-main-2701/experiments/k2-002-ep01-sh12-anchor-control/run_controlled_experiment.py,0,e3b0c44298fc1c149afbf4c8996fb92427ae41e4649b934ca495991b7852b855
code-server-shutdown-capture-20260828/saved-buffers/data/coding/AI-Cinematic-Studio-main-2701/experiments/k2-002-ep01-sh12-anchor-control/run_cpu_integration.py,0,e3b0c44298fc1c149afbf4c8996fb92427ae41e4649b934ca495991b7852b855
code-server-shutdown-capture-20260828/saved-buffers/data/coding/AI-Cinematic-Studio-main-2701/experiments/k2-002-ep01-sh12-anchor-control/tests/test_control_runner.py,0,e3b0c44298fc1c149afbf4c8996fb92427ae41e4649b934ca495991b7852b855
code-server-shutdown-capture-20260828/saved-buffers/data/coding/AI-Cinematic-Studio-main-2701/experiments/k2-002-ep01-sh12-anchor-control/tests/test_r6_protocol.py,0,e3b0c44298fc1c149afbf4c8996fb92427ae41e4649b934ca495991b7852b855
code-server-shutdown-capture-20260828/saved-buffers/data/coding/AI-Cinematic-Studio-main-2701/experiments/k2-002-ep01-sh12-anchor-control/tests/test_wrapper.py,0,e3b0c44298fc1c149afbf4c8996fb92427ae41e4649b934ca495991b7852b855
code-server-shutdown-capture-20260828/saved-buffers/data/k2-technical-evidence/k2-002-ep01-i2v-v2-sh12-r5-anchor-only/inputs/EP01_SH12_anchor_pre_step_r5.provenance.json,0,e3b0c44298fc1c149afbf4c8996fb92427ae41e4649b934ca495991b7852b855
code-server-shutdown-capture-20260828/saved-buffers/data/k2-technical-evidence/k2-002-ep01-i2v-v2-sh12-r5-anchor-only/visual_qc/R3_R5_REVIEW.html,0,e3b0c44298fc1c149afbf4c8996fb92427ae41e4649b934ca495991b7852b855
code-server-shutdown-capture-20260828/saved-buffers/data/k2-technical-evidence/k2-002-ep01-i2v-v2-sh12-r5-anchor-only/visual_qc/R3_R5_VISUAL_QC.json,0,e3b0c44298fc1c149afbf4c8996fb92427ae41e4649b934ca495991b7852b855
code-server-shutdown-capture-20260828/saved-buffers/data/k2-technical-evidence/k2-002-ep01-i2v-v2-sh12-r5-anchor-only/visual_qc/R3_R5_VISUAL_QC.txt,0,e3b0c44298fc1c149afbf4c8996fb92427ae41e4649b934ca495991b7852b855
code-server-shutdown-capture-20260828/untracked/experiments/k2-002-ep01-sh12-anchor-control/build_r3_r5_evidence.py,18985,fbb065833a8a8893cd0a2a6ac58c9941894faa87f892c69021c782cd9a188b1e
execution-snapshots/k2-002-ep01-i2v-batch-r1/EXECUTION_SNAPSHOT.json,2379,25f5ec310c8e2c1cce3c45af581307694d9f18d36aad9ce83823148eabf0ec4b
execution-snapshots/k2-002-ep01-i2v-batch-r1/authority_source/experiments/k2-002-ep01-sh12-anchor-control/README.md,4448,f2edf46af042bdb7baeff05451783049dd7a0b515b03374064e37f34ebc5863b
execution-snapshots/k2-002-ep01-i2v-batch-r1/authority_source/experiments/k2-002-ep01-sh12-anchor-control/control_runner_core.py,16342,7fa8ed5ed43f2436915aeb6d2a8b8a4af2b07a71ace4315bbe1b2f38c2e35dd0
execution-snapshots/k2-002-ep01-i2v-batch-r1/authority_source/experiments/k2-002-ep01-sh12-anchor-control/experiment.schema.json,3530,9217ac260a7bb68184e03e159c018814d60eb469e7ff275722775b8c8eabbf25
execution-snapshots/k2-002-ep01-i2v-batch-r1/authority_source/experiments/k2-002-ep01-sh12-anchor-control/r6_protocol.py,19848,3a8d0c5be746f819db74bf354ab8958cb23acb9333b5cb6c0b4839a0202e129a
execution-snapshots/k2-002-ep01-i2v-batch-r1/authority_source/experiments/k2-002-ep01-sh12-anchor-control/run_controlled_experiment.py,74286,6992900d4bc94669df0087baa932944c74b9adf7b2498dc5de21ad13e5b4ff63
execution-snapshots/k2-002-ep01-i2v-batch-r1/authority_source/experiments/k2-002-ep01-sh12-anchor-control/run_cpu_integration.py,7775,95dcf83eb3c178ca43bf76efb0ae7be0d08c2921b2d66fa15d24b1e15af8d569
execution-snapshots/k2-002-ep01-i2v-batch-r1/authority_source/experiments/k2-002-ep01-sh12-anchor-control/tests/test_control_runner.py,9877,ba6e91434afc4c8d6e6bb1aa4f03c84626d87b1221fcab237f1072559bdb5477
execution-snapshots/k2-002-ep01-i2v-batch-r1/authority_source/experiments/k2-002-ep01-sh12-anchor-control/tests/test_r6_protocol.py,14034,a54fc489d5a2844297b9617fda698438187e727b44518a5381f11e4b6f816e88
execution-snapshots/k2-002-ep01-i2v-batch-r1/authority_source/experiments/k2-002-ep01-sh12-anchor-control/tests/test_wrapper.py,35095,bd868a048defc848d79fadc5e87ec8e07fc6c675a56ca05b88a0bb56bbdfa7f6
execution-snapshots/k2-002-ep01-i2v-batch-r1/inputs/anchor_manifest.json,7424,70bdc61408123381b448cc9732840197632ad5523283681a15c38ff85f47fbb3
execution-snapshots/k2-002-ep01-i2v-batch-r1/inputs/camera_contract.json,20922,b83967cd56dc22681b6b0271cae03a5aae9f3f328a5dbb9ff209e15544104a3a
execution-snapshots/k2-002-ep01-i2v-batch-r1/inputs/shots.json,35140,52e24c8c781f2c729239d6152246677c8eb633d43d17463550c22bb91c8fd9c9
execution-snapshots/k2-002-ep01-i2v-batch-r1/inputs/workflow.json,3548,2f008050d10977b477ebe1d357ee6491109ab80b96545c578344385445ebe710
execution-snapshots/k2-002-ep01-i2v-batch-r1/manifests/A100_PACKAGE_INVENTORY.json,14980,1fe69362baebb9bce091f192aa3d088026c9eef7f3e7546125a08da7b4ed7896
execution-snapshots/k2-002-ep01-i2v-batch-r1/manifests/A100_VS_AUTHORITY_DIFF.json,20264,61207cb64a3ac5b6706206ae41fc99d0abd6e5efac502cb90d1186b2445e6e59
execution-snapshots/k2-002-ep01-i2v-batch-r1/manifests/SHOT_INPUT_OVERRIDES.json,557,8a889e5915793660894d5b021e1e1c41690f1283e5c5ba6e356d080b15066174
execution-snapshots/k2-002-ep01-i2v-batch-r1/manifests/SHOT_STATUS_MATRIX.json,28522,cc3bb81cc533e7d1345ce00f04ad7a1f3ffe4972ed1f0f0d52343bddc55092e8
execution-snapshots/k2-002-ep01-i2v-batch-r1/manifests/SOURCE_INPUT_MANIFEST.json,6661,a0ff2b6a442800c2277f4ed78bed69a50ee9abb39c87939bcee294f26adc4485
execution-snapshots/k2-002-ep01-i2v-batch-r2/audits/DRY_RUN_FINAL.json,3211,c03a62b9253a49cb1a6daebec8082af471ef4f4c3bbc1256e2b5d60912e28e9e
execution-snapshots/k2-002-ep01-i2v-batch-r2/audits/DRY_RUN_INITIAL.json,3164,182c3e3d3cc712b63405fd52ec5befb953f83a2ef91ed02c47db5d5fe5c5ea22
execution-snapshots/k2-002-ep01-i2v-batch-r2/audits/FROZEN_SOURCE_PREFLIGHT.txt,379,cd42a958daa5060671ccf8ac76896b0f0a2ad40a16fb284463e46e2873640207
execution-snapshots/k2-002-ep01-i2v-batch-r2/audits/OLD_COMFYUI_PID_52795_AUDIT.json,1324,d8a429bdc548f4b5a9622d14a6668b28a1024ecbe132eba59f910da858b7da17
execution-snapshots/k2-002-ep01-i2v-batch-r2/audits/PARAMETER_AUDIT.json,7387,832ff250259ff0ba137281554aaade9519f75b63e635ab8f2608f7507b091919
execution-snapshots/k2-002-ep01-i2v-batch-r2/audits/PREFLIGHT_FINAL.json,1634,28f4eaed8d1999ab8b873de63e9278c556f2b957d1ad760701c33aacc5a6555e
execution-snapshots/k2-002-ep01-i2v-batch-r2/audits/RELATED_TESTS.txt,10433,57b7d91af0ad8177c0e04ad68419c527049686cbda6fb96393f85de218a095d7
execution-snapshots/k2-002-ep01-i2v-batch-r2/audits/SNAPSHOT_FILE_MANIFEST.sha256,3940,64793efb3f2238b531fe8013da117a25142c6edc365bd7f342e6eb5fda63ed69
execution-snapshots/k2-002-ep01-i2v-batch-r2/audits/TARGETED_TESTS.txt,2727,219b2819518d1fcdcd880593ad25fcb824ce1924aea7898b74ead02a81d48486
execution-snapshots/k2-002-ep01-i2v-batch-r2/audits/cpu-integration/receipt1.json,2480,49888fbc3dd7e98769d0273789733f98e631187eef1711698919f90dafb8dcf1
execution-snapshots/k2-002-ep01-i2v-batch-r2/audits/cpu-integration/receipt2.json,2480,5be69f990d51a630dd95c79e968803bc39834846cf2ce3c45c7d5f5392d5e366
execution-snapshots/k2-002-ep01-i2v-batch-r2/authorizations/K2-002-EP01-15SHOT-TECHNICAL-GPU-AUTHORIZATION.json,786,24111728d8ec82d9264862a43bb6241ffe199239fdbbc5257cbe170f5fd37f0b
execution-snapshots/k2-002-ep01-i2v-batch-r2/inputs/camera_contract.json,20922,b83967cd56dc22681b6b0271cae03a5aae9f3f328a5dbb9ff209e15544104a3a
execution-snapshots/k2-002-ep01-i2v-batch-r2/inputs/shots.json,35140,52e24c8c781f2c729239d6152246677c8eb633d43d17463550c22bb91c8fd9c9
execution-snapshots/k2-002-ep01-i2v-batch-r2/inputs/workflow.json,3548,2f008050d10977b477ebe1d357ee6491109ab80b96545c578344385445ebe710
execution-snapshots/k2-002-ep01-i2v-batch-r2/manifests/EP01_15SHOT_BATCH_R2.json,2736,413fe362261bb3f8103c77f5ff5567b7ba3566cfe46bb9f715d405e2cc19e426
execution-snapshots/k2-002-ep01-i2v-batch-r2/manifests/EXECUTION_SNAPSHOT.json,9693,df79267cde2645892b4e53620c943b0e1cf840a119346171f7278b2b2fdbb0c5
execution-snapshots/k2-002-ep01-i2v-batch-r2/runner/batch_runner.py,8495,204a4421cefb8aa2ee368a1384666dbec3bee35ccf7b8343b6a4b612283554ec
execution-snapshots/k2-002-ep01-i2v-batch-r2/runner/r6_protocol.py,19848,3a8d0c5be746f819db74bf354ab8958cb23acb9333b5cb6c0b4839a0202e129a
execution-snapshots/k2-002-ep01-i2v-batch-r3/EXECUTION_SNAPSHOT.json,5237,39b13db7522e0a6393627a3bf584067df9a578b118989e3e2cde02d87be250c3
execution-snapshots/k2-002-ep01-i2v-batch-r3/PRE_FLIGHT_ZERO_CALL.json,1908,1ede2839ad1926f78720f67cdddfcc958d270f28d5aa95cd7df0c995958e5bb0
execution-snapshots/k2-002-ep01-i2v-batch-r3/SHA256SUMS.txt,2888,2c40571d88aef9da290f543ea207e0a4cbf733e42338228c36e740f647651cac
execution-snapshots/k2-002-ep01-i2v-batch-r3/SHOT_ALLOWLIST.json,684,3eae2abae57c2e207b44fb39decc50102c9c8714faed11e3829999c7a0af9345
execution-snapshots/k2-002-ep01-i2v-batch-r3/SHOT_SEMANTIC_DIGESTS.json,1327,a29d4dca4007f2cb9bd25d903553c450e23bbf2aafb7b47f900b38292b94196f
execution-snapshots/k2-002-ep01-i2v-batch-r3/SOURCE_INPUT_MANIFEST.json,5214,b0f966d95c63a39ed88cbdd071248f5146854e8afb7605836093993121997392
execution-snapshots/k2-002-ep01-i2v-batch-r3/audits/DRY_RUN_FINAL.json,3010,afe607564a54d4597976ce2e10b08583743e730ed9919f074e534b7e104130d0
execution-snapshots/k2-002-ep01-i2v-batch-r3/audits/DRY_RUN_INITIAL.json,2968,a8d5ad6052119e399169da8a4773ee04969b6e72b85d79397fc812f572f1bd10
execution-snapshots/k2-002-ep01-i2v-batch-r3/audits/FPS_TYPE_ONLY_DIFF_AUDIT.json,5350,7e80b44cb9421dfc4d7f15577215b80f894bc3863f1daeb095b5e2dad0c717ab
execution-snapshots/k2-002-ep01-i2v-batch-r3/authorizations/K2-002-EP01-BATCH-R3-AUTHORIZATION-REFERENCE.json,1071,5c88be1ee50382e4a87aca078a8f6f8f75fba7b194d28fb3e12739a4201af807
execution-snapshots/k2-002-ep01-i2v-batch-r3/inputs/camera_contract.json,20922,b83967cd56dc22681b6b0271cae03a5aae9f3f328a5dbb9ff209e15544104a3a
execution-snapshots/k2-002-ep01-i2v-batch-r3/inputs/shots.json,35140,52e24c8c781f2c729239d6152246677c8eb633d43d17463550c22bb91c8fd9c9
execution-snapshots/k2-002-ep01-i2v-batch-r3/inputs/workflow.json,3548,2f008050d10977b477ebe1d357ee6491109ab80b96545c578344385445ebe710
execution-snapshots/k2-002-ep01-i2v-batch-r3/manifests/EP01_14SHOT_BATCH_R3.json,3192,738b957d4f70a19cdba2ae7a4b34afdc23a0e72190caa462425c528a089e84bf
execution-snapshots/k2-002-ep01-i2v-batch-r3/runner/batch_runner.py,8526,963e0cbd667995f717043d284f45ce691784449ccf8f26af3ea95369575f6d1e
execution-snapshots/k2-002-ep01-i2v-batch-r3/runner/r6_protocol.py,19848,3a8d0c5be746f819db74bf354ab8958cb23acb9333b5cb6c0b4839a0202e129a
technical-evidence/k2-002-ep01-i2v-batch-r2/BATCH_RUNNER_STDOUT.txt,1764,1b080a424312658b1fb9d9e20bf781f45b3ce7c23ffeedccb2bd5c19ecddb988
technical-evidence/k2-002-ep01-i2v-batch-r2/BATCH_STOP_RECEIPT.json,757,89b7631160c1bdfbd7f5f6d94a10a76428afb0acb50b483c718befd7906b8601
technical-evidence/k2-002-ep01-i2v-batch-r2/FINAL_EXECUTION_RECEIPT.json,2564,c5de38291c96dee8270203258e50e224708ed2a85e5ab7da89b35469a2ab2732
technical-evidence/k2-002-ep01-i2v-batch-r2/shots/EP01_SH03/STATE.json,159,1ea99a72413febc04cc22fcd16c257e08a4d2b98e2a6c81682ac08df859ee970
technical-evidence/k2-002-ep01-i2v-batch-r2/shots/EP01_SH03/attempt/CONTROL_BINDING_FORENSICS.json,1305,4a745dede2ae5b3ee1edb1c54b9065bd180b8d8df908055f214683fee3bb6a3b
technical-evidence/k2-002-ep01-i2v-batch-r2/shots/EP01_SH03/attempt/EP01_SH03.framemd5,4136,255f857a2546a8d842e347a0d147fd0b4c30532ca8f843ae535ae8f980037e3b
technical-evidence/k2-002-ep01-i2v-batch-r2/shots/EP01_SH03/attempt/FFPROBE.json,419,7c51366bc1ff6609cd3b6bf19215a7b42462c4558e676bb4f8f84cb044f0fb08
technical-evidence/k2-002-ep01-i2v-batch-r2/shots/EP01_SH03/attempt/HISTORY.json,5930,23ed57262e7a8fe3a15d7d6fa0c9e5cfdc0ac8b55ac9279d757b8c8283f020a4
technical-evidence/k2-002-ep01-i2v-batch-r2/shots/EP01_SH03/attempt/POST_RESPONSE.json,137,6e3ea98502c58270d6893f130eb912872d0837a9e91b22baa0c32402d3a01779
technical-evidence/k2-002-ep01-i2v-batch-r2/shots/EP01_SH03/attempt/PROMPT_BUDGET_CONSUMED.json,412,ba1222bac9b8492926c0b9626288b4ae9f271d528772d016d5aaf54908d7be71
technical-evidence/k2-002-ep01-i2v-batch-r2/shots/EP01_SH03/attempt/QUEUE_SNAPSHOTS.json,522227,e7dc1d09c5e7e563b5ef23ad1e1dd0274f5d9b31ec1832d661cf3aade748f3be
technical-evidence/k2-002-ep01-i2v-batch-r2/shots/EP01_SH03/attempt/RECOVERY_MEDIA_RECEIPT.json,1472,403aa54f5128fef27f9891837bbc186afe7ba14a4612944056faa4a6c37a33b2
technical-evidence/k2-002-ep01-i2v-batch-r2/shots/EP01_SH03/attempt/SUBMITTED_API_PROMPT.json,2409,e38850494636b372d4d11a5349eb38df6e547a1077de2733aee7d0c732a10073
technical-evidence/k2-002-ep01-i2v-batch-r2/shots/EP01_SH03/attempt/SUBMITTED_API_PROMPT_CANONICAL.sha256,65,63a432577f129d6aa76a928643b44edd24d444418e9d34a68e4ce813661d1887
technical-evidence/k2-002-ep01-i2v-batch-r2/shots/EP01_SH03/attempt/SUBMITTED_REQUEST.json,4100,ef9e5b88003680c0d5e867d30085cb3643f557bfbdd730fcf92533550e191498
technical-evidence/k2-002-ep01-i2v-batch-r2/shots/EP01_SH03/attempt/WEBSOCKET_EVENTS.jsonl,67597,8a72906ac8ec8c0ef83ee7005561dfa22a4b8d2819e5520362c5152fa3c85c72
technical-evidence/k2-002-ep01-i2v-batch-r2/shots/EP01_SH03/media/EP01_SH03.mp4,541743,d9a73cdf2a33f3964d35ad08b7307610c11862abc51fac114f91ddcd2ba4a225
technical-evidence/k2-002-ep01-i2v-batch-r3/BATCH_R3_FINAL_RECEIPT.json,4065,78a4a8acac381a9fb01f8f9a21a14b23e4b3b7da3f916b13ba80cf65bf120c9d
technical-evidence/k2-002-ep01-i2v-batch-r3/BATCH_R3_TECHNICAL_AUDIT.json,16256,7e70a915948582fabe7eb60a43872c0a646ed333d287f49d743ef0a6d411bdea
technical-evidence/k2-002-ep01-i2v-batch-r3/BATCH_RUNNER.pid,6,de8a86774fac55f9ddd75340f9ca51b245ddd94df2cafba009e56f595bf81261
technical-evidence/k2-002-ep01-i2v-batch-r3/BATCH_RUNNER.stderr.log,0,e3b0c44298fc1c149afbf4c8996fb92427ae41e4649b934ca495991b7852b855
technical-evidence/k2-002-ep01-i2v-batch-r3/BATCH_RUNNER.stdout.log,261,f014948b9d4ef7c38978e952ac8e362f8d6f2d4f7048841a088ffb05b5bfe62e
technical-evidence/k2-002-ep01-i2v-batch-r3/COMFYUI_HISTORY_AT_START.json,2,44136fa355b3678a1146ad16f7e8649e94fb4fc21fe77e8310c060f61caaff8a
technical-evidence/k2-002-ep01-i2v-batch-r3/COMFYUI_QUEUE_AT_START.json,42,6c1bb554d677ad1ea8526c38e26e141e6faf4f2fab85faaa8d264aeda0e7b4f0
technical-evidence/k2-002-ep01-i2v-batch-r3/COMFYUI_SERVER.log,34653,f09302aeaebba46f51e267b51d44d47b0f946f5054fcc41821efada1195ef77f
technical-evidence/k2-002-ep01-i2v-batch-r3/COMFYUI_SERVER.pid,6,de811105b8ec52ac003d0faaad94ba1252ba323f02cefc8f227fbf6db04d8a0e
technical-evidence/k2-002-ep01-i2v-batch-r3/COMFYUI_SYSTEM_STATS_AT_START.json,1113,1633af49cd4038538cd4362a07034a10698b8101751a4a12e2ebba6b6bdea1ba
technical-evidence/k2-002-ep01-i2v-batch-r3/SHOT_TECHNICAL_STATUS_MATRIX.json,15633,2b1ad763f68394d062ddb922a8d811b3cb9df1e2b9b40254cb52a76ab6be860d
technical-evidence/k2-002-ep01-i2v-batch-r3/SHOT_VISUAL_STATUS_MATRIX.json,17371,9a540861d508b7b7d52280dd56da9ad954ba3d6edf8ad9ca41fd3ae88bc139c7
technical-evidence/k2-002-ep01-i2v-batch-r3/media/EP01_SH04.mp4,576929,c08f864bc9862ffa63aabb97c7c6f0c7d34c5200f55ef761126e61e28713ac14
technical-evidence/k2-002-ep01-i2v-batch-r3/media/EP01_SH05.mp4,453689,752eaf12d2fa42115da678e6d77d03e3cbd6ec44466e014bfa40da7aa2bdb67b
technical-evidence/k2-002-ep01-i2v-batch-r3/media/EP01_SH06.mp4,165484,eaf26654e9beead66d8aae53b3d42986c328d94ba2be04e4dfd5273486f275f2
technical-evidence/k2-002-ep01-i2v-batch-r3/media/EP01_SH07.mp4,529657,4b1a6b975934b9616f738471b42f6771268d650539062f03fce50a8a88f814e1
technical-evidence/k2-002-ep01-i2v-batch-r3/media/EP01_SH08.mp4,169789,84701c4e1b8ed5f9a0493e311380fabe5aa52d11218a2690a4d19e0061ba3310
technical-evidence/k2-002-ep01-i2v-batch-r3/media/EP01_SH09.mp4,233086,eef43c6653716a0d9ac647ff4b3645312e80ec4961d5b5308a2396eb1db5a99b
technical-evidence/k2-002-ep01-i2v-batch-r3/media/EP01_SH10.mp4,282991,f820b44ae14949c1bc3e5d86c7cf8470eeae2f2b8ae9c91a0897ef95cb56a014
technical-evidence/k2-002-ep01-i2v-batch-r3/media/EP01_SH11.mp4,260474,d5b73cd3e955707418b6e65e3870036c2f9ab6b8e984775ae052b69efea11905
technical-evidence/k2-002-ep01-i2v-batch-r3/media/EP01_SH13.mp4,226239,e6580faae4079900de324f267c47c5b7fc520fc88360bf67495a1d53c3d3307a
technical-evidence/k2-002-ep01-i2v-batch-r3/media/EP01_SH14.mp4,284759,3aa14a83fc243210f15aaadadb3b4dec5f7df69e0d4891b416901e0e42228b06
technical-evidence/k2-002-ep01-i2v-batch-r3/media/EP01_SH15.mp4,965499,545aa16905c22581d63ff001a71d900ed83e790818b46eb677730a76d3535fd2
technical-evidence/k2-002-ep01-i2v-batch-r3/media/EP01_SH16.mp4,654360,0a09e09821eaf69e4831dc5d1cb9587118f86d5b80cc6a6c04cf09b1d15e2856
technical-evidence/k2-002-ep01-i2v-batch-r3/media/EP01_SH17.mp4,113786,a522cf11c5c825953f825476ecd7b30d0934b380969bd717f4f663d78ccba11d
technical-evidence/k2-002-ep01-i2v-batch-r3/media/EP01_SH18.mp4,144472,7b994411cd5930e7eaf21baab3fc5ab74bcc1be564a9d66204d2cf80b5575258
technical-evidence/k2-002-ep01-i2v-batch-r3/shots/EP01_SH04/STATE.json,1150,0d82358cbe42d7839a5d222cbbd9fa424c400c82153f57b01c4330c2a4b5f1fc
technical-evidence/k2-002-ep01-i2v-batch-r3/shots/EP01_SH04/attempt/HISTORY.json,5928,44db9d9ad5c0c13261cf5fe26a2f56bb877de4941dd22cccf991bfc22c20812d
technical-evidence/k2-002-ep01-i2v-batch-r3/shots/EP01_SH04/attempt/POST_RESPONSE.json,137,be5ec3a22ed23f0f9ec7839af4cea1d89aa543c0fea613b92ac51a30ae4e2a98
technical-evidence/k2-002-ep01-i2v-batch-r3/shots/EP01_SH04/attempt/QUEUE_SNAPSHOTS.json,522023,73ad5250439e1f1f6497b8351ac0e26951b4d2ae3d76d04781778acf0a029893
technical-evidence/k2-002-ep01-i2v-batch-r3/shots/EP01_SH04/attempt/RUN_RECEIPT.json,1150,0d82358cbe42d7839a5d222cbbd9fa424c400c82153f57b01c4330c2a4b5f1fc
technical-evidence/k2-002-ep01-i2v-batch-r3/shots/EP01_SH04/attempt/SUBMITTED_API_PROMPT.json,2409,80e9fe7804a4ae35896b99b656322d9f829ddc664e006f837abe24de5e3d69e1
technical-evidence/k2-002-ep01-i2v-batch-r3/shots/EP01_SH04/attempt/SUBMITTED_API_PROMPT_CANONICAL.sha256,65,2620645d9bf819ee2d218a098a08a557e43b70768017f994bdfa979a7974103f
technical-evidence/k2-002-ep01-i2v-batch-r3/shots/EP01_SH04/attempt/SUBMITTED_REQUEST.json,4100,d7b3eb4bd55b0c16c5dd1bf7384ee246170c8dd8b9e40543aff4c6a3ab10b0a7
technical-evidence/k2-002-ep01-i2v-batch-r3/shots/EP01_SH04/attempt/WEBSOCKET_EVENTS.jsonl,67597,f13521e6eae2e3f7d973f4cb26fc29b1f85f5e4b54ca2a75666eca99067c8bf2
technical-evidence/k2-002-ep01-i2v-batch-r3/shots/EP01_SH05/STATE.json,1150,a1874ac8df020a7cebb7b457e9dca60de09303eec4a1ce65b0ff9313280fb66f
technical-evidence/k2-002-ep01-i2v-batch-r3/shots/EP01_SH05/attempt/HISTORY.json,6151,cf2d821a3b29c371d3b8654b3ff123fe2fe279a56d117af20a564fc7db2d60f6
technical-evidence/k2-002-ep01-i2v-batch-r3/shots/EP01_SH05/attempt/POST_RESPONSE.json,137,e86b36a7d5cf6048efbed66868a9037f336935228674f730be8fe63f8b2ba5a5
technical-evidence/k2-002-ep01-i2v-batch-r3/shots/EP01_SH05/attempt/QUEUE_SNAPSHOTS.json,472793,c37db1515b6f11e8d80db6286db8d3af5eb850f151f064b9d739fc4b90aacf43
technical-evidence/k2-002-ep01-i2v-batch-r3/shots/EP01_SH05/attempt/RUN_RECEIPT.json,1150,a1874ac8df020a7cebb7b457e9dca60de09303eec4a1ce65b0ff9313280fb66f
technical-evidence/k2-002-ep01-i2v-batch-r3/shots/EP01_SH05/attempt/SUBMITTED_API_PROMPT.json,2544,88a5d64df2712e2fda8da4d73bb8600d45173b5328f5235d48a7f2240be2be96
technical-evidence/k2-002-ep01-i2v-batch-r3/shots/EP01_SH05/attempt/SUBMITTED_API_PROMPT_CANONICAL.sha256,65,78dffce147e36affe406821c86d4a77d0e565113f9a96b327a7e7ba6d1913d16
technical-evidence/k2-002-ep01-i2v-batch-r3/shots/EP01_SH05/attempt/SUBMITTED_REQUEST.json,4235,9ecfcd9213c751545722a7344d6625c8ab0fe1b2479dfd85a085cfc826f41cad
technical-evidence/k2-002-ep01-i2v-batch-r3/shots/EP01_SH05/attempt/WEBSOCKET_EVENTS.jsonl,37680,06020c942ad4fc41005be0792a0797ecc4196a1488c07903d92050131987aa16
technical-evidence/k2-002-ep01-i2v-batch-r3/shots/EP01_SH06/STATE.json,1150,b0870f1bc1537919c99d089c7e7d37be524b2f4792fca41a9023609634a05396
technical-evidence/k2-002-ep01-i2v-batch-r3/shots/EP01_SH06/attempt/HISTORY.json,6066,7376f831730071154dc212540f2c29a51df9a4897d518c1ca089db6f353a8292
technical-evidence/k2-002-ep01-i2v-batch-r3/shots/EP01_SH06/attempt/POST_RESPONSE.json,137,6dd808a4e5261244853f85144dd9c7f6793ba1ef33d21c4258d8560989cafac3
technical-evidence/k2-002-ep01-i2v-batch-r3/shots/EP01_SH06/attempt/QUEUE_SNAPSHOTS.json,465143,2db14a4e7fcb2146a0673c0a075290c8716dfb81bab4c72d1568b032f27cf078
technical-evidence/k2-002-ep01-i2v-batch-r3/shots/EP01_SH06/attempt/RUN_RECEIPT.json,1150,b0870f1bc1537919c99d089c7e7d37be524b2f4792fca41a9023609634a05396
technical-evidence/k2-002-ep01-i2v-batch-r3/shots/EP01_SH06/attempt/SUBMITTED_API_PROMPT.json,2459,d10b9b6625e81ee17a0d5e6e61a685f476719adcb1e2429b5db4343e04d1f86f
technical-evidence/k2-002-ep01-i2v-batch-r3/shots/EP01_SH06/attempt/SUBMITTED_API_PROMPT_CANONICAL.sha256,65,6fe7ecff2d37ad6a61896e6118d8326eed51a222e7b04144a0dff50112f084ac
technical-evidence/k2-002-ep01-i2v-batch-r3/shots/EP01_SH06/attempt/SUBMITTED_REQUEST.json,4150,74ff7ba2a75f1e7baca6922c62df40b472d6a48a9093479e0ae39166347c12e8
technical-evidence/k2-002-ep01-i2v-batch-r3/shots/EP01_SH06/attempt/WEBSOCKET_EVENTS.jsonl,37680,3936c3b91b53b2e2678b6fcd1c169e8a0f83626f79b19cdcf2f4f97eba50faf7
technical-evidence/k2-002-ep01-i2v-batch-r3/shots/EP01_SH07/STATE.json,1150,4d4ca092aef5279107c4fec828da1da023e3e8a9293f4fa1ecf8011993095150
technical-evidence/k2-002-ep01-i2v-batch-r3/shots/EP01_SH07/attempt/HISTORY.json,6161,d511cbacc61d579b0834b5addc8bd937b5ee3b7ea857d9feeed7c5b7512604e8
technical-evidence/k2-002-ep01-i2v-batch-r3/shots/EP01_SH07/attempt/POST_RESPONSE.json,137,dc1b0a5f78afd15523180cae338355a1ea5066f5caee71564fad07df03460d6f
technical-evidence/k2-002-ep01-i2v-batch-r3/shots/EP01_SH07/attempt/QUEUE_SNAPSHOTS.json,473693,760e5a942b104165a06436bb26323d8ffefb969b13b314f24e61e05eb12592f1
technical-evidence/k2-002-ep01-i2v-batch-r3/shots/EP01_SH07/attempt/RUN_RECEIPT.json,1150,4d4ca092aef5279107c4fec828da1da023e3e8a9293f4fa1ecf8011993095150
technical-evidence/k2-002-ep01-i2v-batch-r3/shots/EP01_SH07/attempt/SUBMITTED_API_PROMPT.json,2554,69726640bc4bf9bf8de1361fc8b6144f0fa182d521f352caaf0166a8c906536a
technical-evidence/k2-002-ep01-i2v-batch-r3/shots/EP01_SH07/attempt/SUBMITTED_API_PROMPT_CANONICAL.sha256,65,f9de4250fe74b7dfae1e5b38e0efa23d56c50e74fe7b0873a7bf828032e6b065
technical-evidence/k2-002-ep01-i2v-batch-r3/shots/EP01_SH07/attempt/SUBMITTED_REQUEST.json,4245,fb29f98a55d2d1dbde2165e9fd67866ee545e122b93041c94837e5a0e0988ff8
technical-evidence/k2-002-ep01-i2v-batch-r3/shots/EP01_SH07/attempt/WEBSOCKET_EVENTS.jsonl,37680,c221d1c0b775e87f769fdd79f0c6f0707d33afc9ece5c8dfbd471713d7a6e9aa
technical-evidence/k2-002-ep01-i2v-batch-r3/shots/EP01_SH08/STATE.json,1150,53a1ea7159e099d747c5bb5a3725b3d75c86f15c1c0f63b0a3143aeb5e21e4fd
technical-evidence/k2-002-ep01-i2v-batch-r3/shots/EP01_SH08/attempt/HISTORY.json,6044,a0ae56bc3f8e140238416cea10e03dfa089884a5c1460f155b70ca99b6f4e622
technical-evidence/k2-002-ep01-i2v-batch-r3/shots/EP01_SH08/attempt/POST_RESPONSE.json,137,98bc28970be732bb377867347d28def1cf2d95a4254235a55b99b1b362d7c8db
technical-evidence/k2-002-ep01-i2v-batch-r3/shots/EP01_SH08/attempt/QUEUE_SNAPSHOTS.json,463163,51ed207c93369729423df6245aecfbdcec3fec897b9e3fa19746e872ce8b61de
technical-evidence/k2-002-ep01-i2v-batch-r3/shots/EP01_SH08/attempt/RUN_RECEIPT.json,1150,53a1ea7159e099d747c5bb5a3725b3d75c86f15c1c0f63b0a3143aeb5e21e4fd
technical-evidence/k2-002-ep01-i2v-batch-r3/shots/EP01_SH08/attempt/SUBMITTED_API_PROMPT.json,2437,225cdad794f41154b75eef22a3ae90fb02954dc9765ae90808df7accc01a33f7
technical-evidence/k2-002-ep01-i2v-batch-r3/shots/EP01_SH08/attempt/SUBMITTED_API_PROMPT_CANONICAL.sha256,65,6848f01d56a834bf2bcab71fdf4e5bd1468f885b27bd16191b99a0dfb687dd7f
technical-evidence/k2-002-ep01-i2v-batch-r3/shots/EP01_SH08/attempt/SUBMITTED_REQUEST.json,4128,1b0b3601f1b30df89e8de5317ca9ba69de6493cb15b090c7104b12249f2890ce
technical-evidence/k2-002-ep01-i2v-batch-r3/shots/EP01_SH08/attempt/WEBSOCKET_EVENTS.jsonl,37680,49287f6fab4532223399343486763569065d1474d7607b4f3c38c052aae382d7
technical-evidence/k2-002-ep01-i2v-batch-r3/shots/EP01_SH09/STATE.json,1150,25df7d178bc887766c6fc8b045be8283a3035d34e1055de2e69156d627110d20
technical-evidence/k2-002-ep01-i2v-batch-r3/shots/EP01_SH09/attempt/HISTORY.json,6113,ebcdf54d3c626a90df33dcf3fb5f0b505ee35b773df4fde3bfecda4c7d388978
technical-evidence/k2-002-ep01-i2v-batch-r3/shots/EP01_SH09/attempt/POST_RESPONSE.json,137,24e04eea880f79a3b012bca8b75d8e0a27eec27c30e78e274655561d858c329e
technical-evidence/k2-002-ep01-i2v-batch-r3/shots/EP01_SH09/attempt/QUEUE_SNAPSHOTS.json,469373,ba4724af098745e6fb29cb01fa1e0d9b0072e6251a187454b2214f14d844668b
technical-evidence/k2-002-ep01-i2v-batch-r3/shots/EP01_SH09/attempt/RUN_RECEIPT.json,1150,25df7d178bc887766c6fc8b045be8283a3035d34e1055de2e69156d627110d20
technical-evidence/k2-002-ep01-i2v-batch-r3/shots/EP01_SH09/attempt/SUBMITTED_API_PROMPT.json,2506,e3e8d1e3cbfade9148116631193abf5c1de0ec128cf437ed0c5708de32738d25
technical-evidence/k2-002-ep01-i2v-batch-r3/shots/EP01_SH09/attempt/SUBMITTED_API_PROMPT_CANONICAL.sha256,65,d2b902117e0cd5440bde8c9926d94907c5d071e1ee0d6c227eac8b51c93a85e5
technical-evidence/k2-002-ep01-i2v-batch-r3/shots/EP01_SH09/attempt/SUBMITTED_REQUEST.json,4197,3616d2dc37623b6bd51a4ad6196d87020633e80fcfc24de65e7a6d49fbcc445e
technical-evidence/k2-002-ep01-i2v-batch-r3/shots/EP01_SH09/attempt/WEBSOCKET_EVENTS.jsonl,37680,3f2100c4c31ef8f9da19eca1ee7257d24c2bbb50e6e80b587274657fe07f562f
technical-evidence/k2-002-ep01-i2v-batch-r3/shots/EP01_SH10/STATE.json,1150,4408f7b6bd92bf7c49ca194c8d1a3ecb518ad8144e3b189c3018ba2f4657baa4
technical-evidence/k2-002-ep01-i2v-batch-r3/shots/EP01_SH10/attempt/HISTORY.json,6149,b646beeaf5cf1ecdfd0df3e51599c7c8187ae5fdaf8534be496bdeb9f84b80ed
technical-evidence/k2-002-ep01-i2v-batch-r3/shots/EP01_SH10/attempt/POST_RESPONSE.json,137,d3b95adfe92408a5bcddd1ee74bc0e96a68b6c78e1b0475b21901275aacefc55
technical-evidence/k2-002-ep01-i2v-batch-r3/shots/EP01_SH10/attempt/QUEUE_SNAPSHOTS.json,472613,0dc1be281282a05787d36326d09de3362d3021d86ff51272bafbbee5d378dd4b
technical-evidence/k2-002-ep01-i2v-batch-r3/shots/EP01_SH10/attempt/RUN_RECEIPT.json,1150,4408f7b6bd92bf7c49ca194c8d1a3ecb518ad8144e3b189c3018ba2f4657baa4
technical-evidence/k2-002-ep01-i2v-batch-r3/shots/EP01_SH10/attempt/SUBMITTED_API_PROMPT.json,2542,1740ce5c44d88af65f2666997bb65a3327bf27debed4435acd36af4cdcf3e16e
technical-evidence/k2-002-ep01-i2v-batch-r3/shots/EP01_SH10/attempt/SUBMITTED_API_PROMPT_CANONICAL.sha256,65,bf597c0b94bb959b103cd055e1e16b99a7b881bd9a138ce0607a2e4a741b2a19
technical-evidence/k2-002-ep01-i2v-batch-r3/shots/EP01_SH10/attempt/SUBMITTED_REQUEST.json,4233,2600845b160a357bde7c37f9719c69c41377da49ea63fdc8ec3cbc6c01b765d9
technical-evidence/k2-002-ep01-i2v-batch-r3/shots/EP01_SH10/attempt/WEBSOCKET_EVENTS.jsonl,37680,672e4bb933b5668bd778c5b0eeb94d50c04eec6ff5bc38b9bb321e5a94ab5238
technical-evidence/k2-002-ep01-i2v-batch-r3/shots/EP01_SH11/STATE.json,1150,b2ba4fdbc068c8934b39b61a265bfa188c34b475e74d94e56d526369fded0dcd
technical-evidence/k2-002-ep01-i2v-batch-r3/shots/EP01_SH11/attempt/HISTORY.json,6149,e36bbf10070f3da1c1022291b58eb61f21dea3a8d5430a67c47bcd75b52b8122
technical-evidence/k2-002-ep01-i2v-batch-r3/shots/EP01_SH11/attempt/POST_RESPONSE.json,137,4838b579e9f7bda1fe9b522793681d55910ec480f3be2c8051141f7caf821bff
technical-evidence/k2-002-ep01-i2v-batch-r3/shots/EP01_SH11/attempt/QUEUE_SNAPSHOTS.json,472613,93e181075751627b40e0353e52f1f89e6bc67fd4eba18ab3ac5634920e71904f
technical-evidence/k2-002-ep01-i2v-batch-r3/shots/EP01_SH11/attempt/RUN_RECEIPT.json,1150,b2ba4fdbc068c8934b39b61a265bfa188c34b475e74d94e56d526369fded0dcd
technical-evidence/k2-002-ep01-i2v-batch-r3/shots/EP01_SH11/attempt/SUBMITTED_API_PROMPT.json,2542,10bdc4c89ff8623a9985b2df2d3651de27d3d7a56a8e10528a3b824dcfe5956b
technical-evidence/k2-002-ep01-i2v-batch-r3/shots/EP01_SH11/attempt/SUBMITTED_API_PROMPT_CANONICAL.sha256,65,e3b04097d5c1a41582f9c6b8fac12ede2e7bb02fcedc68e32f794068448b3db5
technical-evidence/k2-002-ep01-i2v-batch-r3/shots/EP01_SH11/attempt/SUBMITTED_REQUEST.json,4233,7df74fcedaa1d4378d672acbc40c55b87a17c63b3f63d4a809781d695cd52631
technical-evidence/k2-002-ep01-i2v-batch-r3/shots/EP01_SH11/attempt/WEBSOCKET_EVENTS.jsonl,37680,2dd41304331dbe54003f80620bf0529946493ea8d989d9e7fc5fd3976551b10a
technical-evidence/k2-002-ep01-i2v-batch-r3/shots/EP01_SH13/STATE.json,1150,d88ae800b463d994e94d3e16f5e93bcd72b95eb02f6c16ce19a34365ee9aad41
technical-evidence/k2-002-ep01-i2v-batch-r3/shots/EP01_SH13/attempt/HISTORY.json,6206,a2f46ec28379829d9472b89a4ebc0fba10db0eed3ee1bb0815b762520921194b
technical-evidence/k2-002-ep01-i2v-batch-r3/shots/EP01_SH13/attempt/POST_RESPONSE.json,137,7d95ca7d8b94141196fd520931c487f20e4a18a536ec9ecc00ff023b5dc6d3b7
technical-evidence/k2-002-ep01-i2v-batch-r3/shots/EP01_SH13/attempt/QUEUE_SNAPSHOTS.json,477743,b6e7f3d31dd64a7e6eee92ce974b7a3ad00b870eac59464eca5f49b5b0aaec0c
technical-evidence/k2-002-ep01-i2v-batch-r3/shots/EP01_SH13/attempt/RUN_RECEIPT.json,1150,d88ae800b463d994e94d3e16f5e93bcd72b95eb02f6c16ce19a34365ee9aad41
technical-evidence/k2-002-ep01-i2v-batch-r3/shots/EP01_SH13/attempt/SUBMITTED_API_PROMPT.json,2599,e7ff6cbd46908cb837e17e8fc2cfa38757c53b1b569930d94214f014c4c50174
technical-evidence/k2-002-ep01-i2v-batch-r3/shots/EP01_SH13/attempt/SUBMITTED_API_PROMPT_CANONICAL.sha256,65,32d5225b8a9272ffcd75ad372b24254b8ecfa34b7722aa4a0525e345f47f40a3
technical-evidence/k2-002-ep01-i2v-batch-r3/shots/EP01_SH13/attempt/SUBMITTED_REQUEST.json,4290,77d3b7973eb3e7e345bb3a9d4fe84017bc8b8f16ba7a8725a447aa3246e9fc77
technical-evidence/k2-002-ep01-i2v-batch-r3/shots/EP01_SH13/attempt/WEBSOCKET_EVENTS.jsonl,37680,c30879344e1d7baa50f18b160dbfb0a9e3e36e65af1b1dc667a1d24e2a529490
technical-evidence/k2-002-ep01-i2v-batch-r3/shots/EP01_SH14/STATE.json,1150,94f48f826a9a92c5d3dae2f91936ce0f1f9a37f459fd80b6b13135b869094a8a
technical-evidence/k2-002-ep01-i2v-batch-r3/shots/EP01_SH14/attempt/HISTORY.json,6187,80048e64c0e0386518951bc972b3a58496bcf851019e65878e3a2c436d6f717f
technical-evidence/k2-002-ep01-i2v-batch-r3/shots/EP01_SH14/attempt/POST_RESPONSE.json,137,4e0711f9d4d8d4e4476417e8117a74a5ab45be9dff7fcf34a3be73835f1e6932
technical-evidence/k2-002-ep01-i2v-batch-r3/shots/EP01_SH14/attempt/QUEUE_SNAPSHOTS.json,476033,9ffac39670e6d4d976975ec4fe1a220d5f77dab5a951e073366e215061511320
technical-evidence/k2-002-ep01-i2v-batch-r3/shots/EP01_SH14/attempt/RUN_RECEIPT.json,1150,94f48f826a9a92c5d3dae2f91936ce0f1f9a37f459fd80b6b13135b869094a8a
technical-evidence/k2-002-ep01-i2v-batch-r3/shots/EP01_SH14/attempt/SUBMITTED_API_PROMPT.json,2580,7b87339856ffb6d67a905803b34bd491c627660231391199433bf23c9472ddaf
technical-evidence/k2-002-ep01-i2v-batch-r3/shots/EP01_SH14/attempt/SUBMITTED_API_PROMPT_CANONICAL.sha256,65,e329145859b4fc26cf4907c1eeb3ae2a45e86027f856c0517c47ce7a4360b6ce
technical-evidence/k2-002-ep01-i2v-batch-r3/shots/EP01_SH14/attempt/SUBMITTED_REQUEST.json,4271,07f61efbf09ccd6690ea92b57dfbad7e242ba04ef1b529f8a5473874fe0b94d8
technical-evidence/k2-002-ep01-i2v-batch-r3/shots/EP01_SH14/attempt/WEBSOCKET_EVENTS.jsonl,37680,54ff7713077949e1549b76baf0594f5c1ed660534ebb1367b402afc0147aea2d
technical-evidence/k2-002-ep01-i2v-batch-r3/shots/EP01_SH15/STATE.json,1150,8ab31ee1e7fe04e83baf0e7befd02246b12dce11cf5d2729e66c0b9704b780a7
technical-evidence/k2-002-ep01-i2v-batch-r3/shots/EP01_SH15/attempt/HISTORY.json,6033,ea2d15e9cd18a4c3ce867b8b74087bc70d7f3f560ac34b68c567287dfd3c47ed
technical-evidence/k2-002-ep01-i2v-batch-r3/shots/EP01_SH15/attempt/POST_RESPONSE.json,138,521d1701f565e4d57ed26dc16ce44d8f8849c3abfaf09e88eefdf59640bc12f9
technical-evidence/k2-002-ep01-i2v-batch-r3/shots/EP01_SH15/attempt/QUEUE_SNAPSHOTS.json,462173,79a474579721bfac09ca26c136cd71002e88f3c357907501f41648cc9959839a
technical-evidence/k2-002-ep01-i2v-batch-r3/shots/EP01_SH15/attempt/RUN_RECEIPT.json,1150,8ab31ee1e7fe04e83baf0e7befd02246b12dce11cf5d2729e66c0b9704b780a7
technical-evidence/k2-002-ep01-i2v-batch-r3/shots/EP01_SH15/attempt/SUBMITTED_API_PROMPT.json,2425,4a19dc4ca05d746b9ce3126e698fe4a0a0f53fb75b52818efafd5b905973e340
technical-evidence/k2-002-ep01-i2v-batch-r3/shots/EP01_SH15/attempt/SUBMITTED_API_PROMPT_CANONICAL.sha256,65,5c09657b2c5bbe07264555ea23bc51dd2d2031d0c69892e1b16dc29222a4929f
technical-evidence/k2-002-ep01-i2v-batch-r3/shots/EP01_SH15/attempt/SUBMITTED_REQUEST.json,4116,75cd60d3d2062bf585617d102378ec811f8b02e3ff5724677b3c41745d652e5f
technical-evidence/k2-002-ep01-i2v-batch-r3/shots/EP01_SH15/attempt/WEBSOCKET_EVENTS.jsonl,37680,9df38f0b3c5e6cf48e002236e445b5dbd4727b7fcfa261d98aebe5d0b7767ea8
technical-evidence/k2-002-ep01-i2v-batch-r3/shots/EP01_SH16/STATE.json,1150,d26e654cc34b0ccf16dceca00068976acc973fb0c9148748d389ef2887499d03
technical-evidence/k2-002-ep01-i2v-batch-r3/shots/EP01_SH16/attempt/HISTORY.json,6020,30fcf7dd86208e7d941f07d3d3a942709bc8cedff62a3a69528e19a191aa0b91
technical-evidence/k2-002-ep01-i2v-batch-r3/shots/EP01_SH16/attempt/POST_RESPONSE.json,138,efcda170fcda184cf486d80c9201d5e82bef660af4044f63498a0d605736825b
technical-evidence/k2-002-ep01-i2v-batch-r3/shots/EP01_SH16/attempt/QUEUE_SNAPSHOTS.json,443993,e0939f03bdf03b1711326d497b9e19ae2404617836dd31b6674b431b1f6d9d78
technical-evidence/k2-002-ep01-i2v-batch-r3/shots/EP01_SH16/attempt/RUN_RECEIPT.json,1150,d26e654cc34b0ccf16dceca00068976acc973fb0c9148748d389ef2887499d03
technical-evidence/k2-002-ep01-i2v-batch-r3/shots/EP01_SH16/attempt/SUBMITTED_API_PROMPT.json,2393,c74478f6a1fc1a77be5a8a79bc1e080c2dcf4bf277fd67c9293cf8a69ec4ad63
technical-evidence/k2-002-ep01-i2v-batch-r3/shots/EP01_SH16/attempt/SUBMITTED_API_PROMPT_CANONICAL.sha256,65,41b77c0e9eb65cfa165a5d7fee05f56b0043c80e68ef7392b289e5dc7577d5f4
technical-evidence/k2-002-ep01-i2v-batch-r3/shots/EP01_SH16/attempt/SUBMITTED_REQUEST.json,4084,bd3257808759a7c013acf7e18c007d358a452e22845c05aac67841d0fb7c26b9
technical-evidence/k2-002-ep01-i2v-batch-r3/shots/EP01_SH16/attempt/WEBSOCKET_EVENTS.jsonl,31074,a56fc49ac4601f88f9eabdf7efd309f3a61a157bfa9748aef7a6684197ad70f0
technical-evidence/k2-002-ep01-i2v-batch-r3/shots/EP01_SH17/STATE.json,1150,fca7ca985472eaead779c10b01931d318dc9ca279b66f01db78dc3a82d8ff299
technical-evidence/k2-002-ep01-i2v-batch-r3/shots/EP01_SH17/attempt/HISTORY.json,6109,40aa6590c7e43e069eea653a50e933da235bd66caa5f95bb816b4f76e32720fd
technical-evidence/k2-002-ep01-i2v-batch-r3/shots/EP01_SH17/attempt/POST_RESPONSE.json,138,6c4cfd1514896d83f8bb0daebbaa6e1b9e8137b607684c687afea80a756ccf42
technical-evidence/k2-002-ep01-i2v-batch-r3/shots/EP01_SH17/attempt/QUEUE_SNAPSHOTS.json,469013,f492ae5cd99eddf5f64b479228cbf9d47ce367c80462ce5223910ba3c50bddf9
technical-evidence/k2-002-ep01-i2v-batch-r3/shots/EP01_SH17/attempt/RUN_RECEIPT.json,1150,fca7ca985472eaead779c10b01931d318dc9ca279b66f01db78dc3a82d8ff299
technical-evidence/k2-002-ep01-i2v-batch-r3/shots/EP01_SH17/attempt/SUBMITTED_API_PROMPT.json,2501,5d32f5e9a3072efde98b75ea3eeeccb465b7875864214efeb9edc369830421e3
technical-evidence/k2-002-ep01-i2v-batch-r3/shots/EP01_SH17/attempt/SUBMITTED_API_PROMPT_CANONICAL.sha256,65,76369d3d4ce6cd87c49cbc21a4550ff31b2642de04d119c546d9973d1a9ee7fc
technical-evidence/k2-002-ep01-i2v-batch-r3/shots/EP01_SH17/attempt/SUBMITTED_REQUEST.json,4192,5c42ff839c24dccd8cdf680325e7d51e8aabbebf8af26f6f70b850422650fd81
technical-evidence/k2-002-ep01-i2v-batch-r3/shots/EP01_SH17/attempt/WEBSOCKET_EVENTS.jsonl,37680,8030c58ab4c8c2e4b78f1885ee1f19b41de2bb8a1df0b59576c3f8c3c2dd4608
technical-evidence/k2-002-ep01-i2v-batch-r3/shots/EP01_SH18/STATE.json,1150,c20e57384acc6a525fae54ae815ed5abcf5d335521709526f16e1200b3c7684a
technical-evidence/k2-002-ep01-i2v-batch-r3/shots/EP01_SH18/attempt/HISTORY.json,6223,d4ab0b74da85f628b11b91444edfa32bf1f97ab1ff84e54776d7e767a9fb6eef
technical-evidence/k2-002-ep01-i2v-batch-r3/shots/EP01_SH18/attempt/POST_RESPONSE.json,138,d6a30c27302c4d836a7ea4592673ace26d2665411593e6f17807296d0ea6b6bc
technical-evidence/k2-002-ep01-i2v-batch-r3/shots/EP01_SH18/attempt/QUEUE_SNAPSHOTS.json,479273,cf03cbb33724716e0d17456229af6317407ec7405f4f717fcd7db334947799cd
technical-evidence/k2-002-ep01-i2v-batch-r3/shots/EP01_SH18/attempt/RUN_RECEIPT.json,1150,c20e57384acc6a525fae54ae815ed5abcf5d335521709526f16e1200b3c7684a
technical-evidence/k2-002-ep01-i2v-batch-r3/shots/EP01_SH18/attempt/SUBMITTED_API_PROMPT.json,2615,75ece25f417143ce4c4724522e78fc3d86d3366c1aa24d0c9742a9f2bbb7e7bc
technical-evidence/k2-002-ep01-i2v-batch-r3/shots/EP01_SH18/attempt/SUBMITTED_API_PROMPT_CANONICAL.sha256,65,6632dfdd15c7b33e39a1f32988788ec343c4f357301cfad0a0844ad3b7f51db2
technical-evidence/k2-002-ep01-i2v-batch-r3/shots/EP01_SH18/attempt/SUBMITTED_REQUEST.json,4306,d144bf9a6d794bc9f0bf8ad14c83f68c265b267d5ce8d52bb26c981c6019eeea
technical-evidence/k2-002-ep01-i2v-batch-r3/shots/EP01_SH18/attempt/WEBSOCKET_EVENTS.jsonl,37680,fb3f261d3497bc9918c57f2be5eeeded16c6926693288c9e9dd41d5049add3c8
technical-evidence/k2-002-ep01-i2v-batch-r3/technical/ffprobe/EP01_SH04.json,5016,d8743346b439dc407f82b729ce98ef3c12fcdf93fcdfd1c81097a5eca7126b53
technical-evidence/k2-002-ep01-i2v-batch-r3/technical/ffprobe/EP01_SH05.json,5151,85572d0d52c96a2054f7e64d6c3dac9fee6e5d7135dc2ad9e31d75f7813247bb
technical-evidence/k2-002-ep01-i2v-batch-r3/technical/ffprobe/EP01_SH06.json,5064,3846c823b56c23072a810d7f5e247ecfa8a980dcfe30238a7eb5ff0478d69a0e
technical-evidence/k2-002-ep01-i2v-batch-r3/technical/ffprobe/EP01_SH07.json,5161,eb8a0645989dd5af1d3b8b8786b50b2e75d86a1ba95d05d3c1ca3df93afe0f3f
technical-evidence/k2-002-ep01-i2v-batch-r3/technical/ffprobe/EP01_SH08.json,5042,95116c317118f82d2bcb9abdce11fa9adff4f210857fa330ea0a00c88d3d1625
technical-evidence/k2-002-ep01-i2v-batch-r3/technical/ffprobe/EP01_SH09.json,5111,f65fb0b3579ec56fd8aa267952745f76c69f2b119705c79f4391e4ba473c9e8d
technical-evidence/k2-002-ep01-i2v-batch-r3/technical/ffprobe/EP01_SH10.json,5149,a1ccc20b72a0f56bb2c7f57c2b00c085561fb91963879c34d7fa16a57524d5ca
technical-evidence/k2-002-ep01-i2v-batch-r3/technical/ffprobe/EP01_SH11.json,5149,c14f390179d3daa32db7f81482c477c9573f50145510145751aba7797708762f
technical-evidence/k2-002-ep01-i2v-batch-r3/technical/ffprobe/EP01_SH13.json,5204,a1bb2b68d587d37152851437f71d14eef66e1ad42c7c9cded66311e998c16e99
technical-evidence/k2-002-ep01-i2v-batch-r3/technical/ffprobe/EP01_SH14.json,5187,e65d4be90f09d1f0e626258e2a5f4b7e7ac11fab7935fbe0d8d65aa1d785f4b2
technical-evidence/k2-002-ep01-i2v-batch-r3/technical/ffprobe/EP01_SH15.json,5032,46f936488d6553c736d81de9425a7db127bae370ee9722109287c0d70968c13f
technical-evidence/k2-002-ep01-i2v-batch-r3/technical/ffprobe/EP01_SH16.json,5000,dc0d73956e70da37ddec5516032c35fed0445c8d2e4d87126705df481e86a83f
technical-evidence/k2-002-ep01-i2v-batch-r3/technical/ffprobe/EP01_SH17.json,5106,68cc222d27c7b3f1c26b59d436e5b64819ab787d2139726866a0e25f64ae0f35
technical-evidence/k2-002-ep01-i2v-batch-r3/technical/ffprobe/EP01_SH18.json,5220,ef1a572215188825bf6ec4c82a3973e5d5259023fd22f79250253b15d2f75d23
technical-evidence/k2-002-ep01-i2v-batch-r3/technical/framemd5/EP01_SH04.framemd5,4136,342c8f84a6b540b159677c48db0b164af832b1756560c874ffaaf0d2d1490db7
technical-evidence/k2-002-ep01-i2v-batch-r3/technical/framemd5/EP01_SH05.framemd5,4136,2c3622d25b0884d060aa2d71ebb0b6ee335881f0d6aa3320a5c38a023a07fa8a
technical-evidence/k2-002-ep01-i2v-batch-r3/technical/framemd5/EP01_SH06.framemd5,4136,c075c209283fd31d66cd5bf3ace5f59435c8db0b05f092d003557eae386b9425
technical-evidence/k2-002-ep01-i2v-batch-r3/technical/framemd5/EP01_SH07.framemd5,4136,1b76e049e2da7f73a5646d55ab29ae1b5e3a0874dba2d88fd36403bba7bfe5ab
technical-evidence/k2-002-ep01-i2v-batch-r3/technical/framemd5/EP01_SH08.framemd5,4136,08b135180a5419b6c908f1bc43f885f40aa67f6a1e726d1e4a529f49d2a4dfe9
technical-evidence/k2-002-ep01-i2v-batch-r3/technical/framemd5/EP01_SH09.framemd5,4136,77959a660a6cfb1c6a03adf15360c4e3346a092dd4e0d12e85fd78e57dd4c2af
technical-evidence/k2-002-ep01-i2v-batch-r3/technical/framemd5/EP01_SH10.framemd5,4136,47b08ec861065a530b690a28f956d20242dd6e28bb990a447ab6fe9adff8be7c
technical-evidence/k2-002-ep01-i2v-batch-r3/technical/framemd5/EP01_SH11.framemd5,4136,3d28c43d7f66b0a9846b99b386166f6fb2e7e134ffa22247744bcc32c359fc74
technical-evidence/k2-002-ep01-i2v-batch-r3/technical/framemd5/EP01_SH13.framemd5,4136,647366ce8fd179a2e42caf1fd46d89271b1040d763f55b33fe3714c1640fa5d3
technical-evidence/k2-002-ep01-i2v-batch-r3/technical/framemd5/EP01_SH14.framemd5,4136,ca340f28e2acc2eabde0af822526eb25151ee60b146d26d8ed7c631da4d15f58
technical-evidence/k2-002-ep01-i2v-batch-r3/technical/framemd5/EP01_SH15.framemd5,4136,80c7abf833559024c61fc1fdadad08bbf6ea08a6373958387a1d4b27a390eb76
technical-evidence/k2-002-ep01-i2v-batch-r3/technical/framemd5/EP01_SH16.framemd5,4136,899da9ffdd361fb0ba831109d10214b024ec97b65342ff13619eb03cd0e1f4c2
technical-evidence/k2-002-ep01-i2v-batch-r3/technical/framemd5/EP01_SH17.framemd5,4136,ba35296d34934c3dc3d95c826bbe1da8a8a10fb087d17f3a7a9b65a6417d717f
technical-evidence/k2-002-ep01-i2v-batch-r3/technical/framemd5/EP01_SH18.framemd5,4136,15a1b3805c04dbc41b914c0518e6dc7d84765c681c4d374e740b1b7a1825b04f
technical-evidence/k2-002-ep01-i2v-batch-r3/visual_qc/BATCH_R3_F24_OVERVIEW.jpg,205787,857944673a793dd981b48224062191bfdb5d55c747983dfd5beafe0f8ebd78ce
technical-evidence/k2-002-ep01-i2v-batch-r3/visual_qc/BATCH_R3_VISUAL_QC.json,17819,cfa04c6252e572852d494c8c3065a57e6440a575670c180723268312e7d20f79
technical-evidence/k2-002-ep01-i2v-batch-r3/visual_qc/BATCH_R3_VISUAL_REVIEW.html,4807,92f8796b68f34fc4dc9e4bf80627f0f57a13a96db6486862208b5d434bf78eaf
technical-evidence/k2-002-ep01-i2v-batch-r3/visual_qc/HTTP_SERVER.log,5988,ce88c7775ea06deba75bc52fa2f8345999d8e689f24704e9a83d6cceb581f7a9
technical-evidence/k2-002-ep01-i2v-batch-r3/visual_qc/HTTP_SERVER.pid,6,83690416012f77dc953977dddd4c79eb5fc51bfd09b218caaac80a6c18d61fed
technical-evidence/k2-002-ep01-i2v-batch-r3/visual_qc/contact_sheets/EP01_SH04_CONTACT_17.jpg,254789,0c5cec270e7ee89646d825ebbbf21c812315d9e69cbf82b3c9fabe75419eb3c1
technical-evidence/k2-002-ep01-i2v-batch-r3/visual_qc/contact_sheets/EP01_SH04_CONTACT_7.jpg,103946,32a889f74dfd9bf2be9af45a8a1b65ec5ac16b5ad78a0cdac54161c4202c9328
technical-evidence/k2-002-ep01-i2v-batch-r3/visual_qc/contact_sheets/EP01_SH04_F24.jpg,14395,3c236ea7dd7cc78cbd3d9ff1ac126e1ffeb8351042a9aa67bf48117df4f145d9
technical-evidence/k2-002-ep01-i2v-batch-r3/visual_qc/contact_sheets/EP01_SH04_LOWER_17.jpg,128841,55bd176d89d044b15bd787240533bf164ee92c731100c201f8640d78eb234d13
technical-evidence/k2-002-ep01-i2v-batch-r3/visual_qc/contact_sheets/EP01_SH05_CONTACT_17.jpg,250569,2ce6bda002affc47aa80b49c3c04ea583cdeec0f2ab9664033a7a4c3d8694c12
technical-evidence/k2-002-ep01-i2v-batch-r3/visual_qc/contact_sheets/EP01_SH05_CONTACT_7.jpg,102550,1adc744d50385934a688fed6739ade46418298b52d7b583be9ab99c821e0daba
technical-evidence/k2-002-ep01-i2v-batch-r3/visual_qc/contact_sheets/EP01_SH05_F24.jpg,14191,eda3cc24a270aecfbfc5eb77f05357e2906c4b2583519ec8115730eb33da987c
technical-evidence/k2-002-ep01-i2v-batch-r3/visual_qc/contact_sheets/EP01_SH05_LOWER_17.jpg,126059,02e1725b3f8a87ed95524ba79adb9b70ee700db00fdac17438d4bf4416b6c94f
technical-evidence/k2-002-ep01-i2v-batch-r3/visual_qc/contact_sheets/EP01_SH06_CONTACT_17.jpg,176944,db16e3f24429ef29a48291fd1e7d873b93a4205d507bc9c0bcb9df53aac09733
technical-evidence/k2-002-ep01-i2v-batch-r3/visual_qc/contact_sheets/EP01_SH06_CONTACT_7.jpg,72683,682972a319883e54415aedde7dddd3c3a6662194e67eb5c127dbedef4928b66a
technical-evidence/k2-002-ep01-i2v-batch-r3/visual_qc/contact_sheets/EP01_SH06_F24.jpg,9487,906fb7441ccff402da6c512cf5df8a6f5edf0cb67bc38dc65fcfb1e1102f695b
technical-evidence/k2-002-ep01-i2v-batch-r3/visual_qc/contact_sheets/EP01_SH06_LOWER_17.jpg,86423,26df640d316d178f94fa848b569c288a9dd1a09fdf2eebce518a073da81a1352
technical-evidence/k2-002-ep01-i2v-batch-r3/visual_qc/contact_sheets/EP01_SH07_CONTACT_17.jpg,235128,e2b485f593a33e84c229531e5b5c17d459048a395ff04603a87d2f4008cf2a63
technical-evidence/k2-002-ep01-i2v-batch-r3/visual_qc/contact_sheets/EP01_SH07_CONTACT_7.jpg,95933,d73b9469d5e93d404939497e0e0ef7300d6ef12f661a791dd29937d8b3eb57a5
technical-evidence/k2-002-ep01-i2v-batch-r3/visual_qc/contact_sheets/EP01_SH07_F24.jpg,13249,50b19992e55999d025b9267e1b21f0310ca43a236fe0f64379c11d1efbeed065
technical-evidence/k2-002-ep01-i2v-batch-r3/visual_qc/contact_sheets/EP01_SH07_LOWER_17.jpg,117110,18ed76db8046d0809c1585d7930b181da2b34cd376f4bc9e0cf5c3c96017cb1a
technical-evidence/k2-002-ep01-i2v-batch-r3/visual_qc/contact_sheets/EP01_SH08_CONTACT_17.jpg,153763,7a8256e030f25f2abda398443eaaa6bf9c315af712fcd9f2e4a61f8e1352a8a9
technical-evidence/k2-002-ep01-i2v-batch-r3/visual_qc/contact_sheets/EP01_SH08_CONTACT_7.jpg,62731,534d539143f321708da25834e7a632e61c0bd67f0b426e3f30b01e9a68e33174
technical-evidence/k2-002-ep01-i2v-batch-r3/visual_qc/contact_sheets/EP01_SH08_F24.jpg,8408,31a71574643ef1cb898b1f0eff5d65a0b655a4e323807b05eac5a33e67102fa7
technical-evidence/k2-002-ep01-i2v-batch-r3/visual_qc/contact_sheets/EP01_SH08_LOWER_17.jpg,83145,e841351986caa63b180071e33bbe041c746f5d2a87034961618cb374f1419a15
technical-evidence/k2-002-ep01-i2v-batch-r3/visual_qc/contact_sheets/EP01_SH09_CONTACT_17.jpg,216617,a3f453b2386e03a5304fa5502d53aff18d30a3e36cb2572ff27920c0e1846fe0
technical-evidence/k2-002-ep01-i2v-batch-r3/visual_qc/contact_sheets/EP01_SH09_CONTACT_7.jpg,88573,933a926380ba4dc9ce783e19658d8b011b315d9a3dfc02043e51331817ee388c
technical-evidence/k2-002-ep01-i2v-batch-r3/visual_qc/contact_sheets/EP01_SH09_F24.jpg,12030,21c85f999303d9d00a410e02317b39a121e89a79a8fb7d95857805b0d0bd767e
technical-evidence/k2-002-ep01-i2v-batch-r3/visual_qc/contact_sheets/EP01_SH09_LOWER_17.jpg,111241,32140856c41c201b14ce9b0408ee387aade3d1829d70858798b2725893c20d3d
technical-evidence/k2-002-ep01-i2v-batch-r3/visual_qc/contact_sheets/EP01_SH10_CONTACT_17.jpg,203592,96b7ff2880a424c29d6aa3f910ab61c0ba4517ade94981d54b808bbc31f1742b
technical-evidence/k2-002-ep01-i2v-batch-r3/visual_qc/contact_sheets/EP01_SH10_CONTACT_7.jpg,82933,c153b7c2328e7fe4ed22203a4758bce9a565b31cb87389ca2694a908429d1677
technical-evidence/k2-002-ep01-i2v-batch-r3/visual_qc/contact_sheets/EP01_SH10_F24.jpg,11650,63aec3962091ce425a0ea4cec26a92065c2c22401384c85b3b5f587ca4c73ac8
technical-evidence/k2-002-ep01-i2v-batch-r3/visual_qc/contact_sheets/EP01_SH10_LOWER_17.jpg,103049,a9196619b9a57a1812a90bfefc6af8cdfb33dbd15464c580c1b7a507eb27992a
technical-evidence/k2-002-ep01-i2v-batch-r3/visual_qc/contact_sheets/EP01_SH11_CONTACT_17.jpg,156649,bf7a9d6a0f394f794392db8651a156051dd2bc43ebf24a1c54d242cdfb7f9f28
technical-evidence/k2-002-ep01-i2v-batch-r3/visual_qc/contact_sheets/EP01_SH11_CONTACT_7.jpg,64501,7c2c99cb1429a1287f25c163bcb70d6591eef66446568d188385cd7157bbc227
technical-evidence/k2-002-ep01-i2v-batch-r3/visual_qc/contact_sheets/EP01_SH11_F24.jpg,8925,8d64bd88f9ab4d533745f84f95f56d322b2b659a3ec0163b6ffa0980aa039b40
technical-evidence/k2-002-ep01-i2v-batch-r3/visual_qc/contact_sheets/EP01_SH11_LOWER_17.jpg,83906,e269ab883e60ce9f13b7213a97c446c3458315df6cb1eb89d60038231ab26877
technical-evidence/k2-002-ep01-i2v-batch-r3/visual_qc/contact_sheets/EP01_SH13_CONTACT_17.jpg,168761,19d337d48b9d4e4a071fbd815493276688f3ccf91d877578a3c0a5b7009c16aa
technical-evidence/k2-002-ep01-i2v-batch-r3/visual_qc/contact_sheets/EP01_SH13_CONTACT_7.jpg,68887,bf251fcbb73bc2a1edad386f1cc433788d994652566b00e7715d2bad6543d669
technical-evidence/k2-002-ep01-i2v-batch-r3/visual_qc/contact_sheets/EP01_SH13_F24.jpg,9719,a302a7d17e2b430152830dc7203d83881d1604902a314dfd594dedf947be3af1
technical-evidence/k2-002-ep01-i2v-batch-r3/visual_qc/contact_sheets/EP01_SH13_LOWER_17.jpg,83086,0e494920f7a0562e23874e09a66911217a7973bba3bc0ee496ecece02cf6a3a2
technical-evidence/k2-002-ep01-i2v-batch-r3/visual_qc/contact_sheets/EP01_SH14_CONTACT_17.jpg,178191,179cd0335c93aa48169ea21849cd7f5b9843dc1e900d6728e019b12e80122e11
technical-evidence/k2-002-ep01-i2v-batch-r3/visual_qc/contact_sheets/EP01_SH14_CONTACT_7.jpg,73361,a06882285cbc75b92608b615a3fc4f84cd7bfc25b1ac9a5973d964c4891d0ac5
technical-evidence/k2-002-ep01-i2v-batch-r3/visual_qc/contact_sheets/EP01_SH14_F24.jpg,9975,11c3b2433ae94cfcfc60fb7e6294c7d994bcdb1621df132ea1876eec2978b9e3
technical-evidence/k2-002-ep01-i2v-batch-r3/visual_qc/contact_sheets/EP01_SH14_LOWER_17.jpg,88997,a0e671bcf588f33a66b386483862a2672d6b8abcab479aeb6ddceb5538e07365
technical-evidence/k2-002-ep01-i2v-batch-r3/visual_qc/contact_sheets/EP01_SH15_CONTACT_17.jpg,262107,787a97735aa8efcd9f1cf25aacfe80707ef7a451365ecc7e6bbf4a4271797bf3
technical-evidence/k2-002-ep01-i2v-batch-r3/visual_qc/contact_sheets/EP01_SH15_CONTACT_7.jpg,107141,fe7c23906079a10e7e7b84c01ef415212e0d82e67e986c2eb8a6a37f5267bf7e
technical-evidence/k2-002-ep01-i2v-batch-r3/visual_qc/contact_sheets/EP01_SH15_F24.jpg,14513,05ae9bcb24316b5952e50c5010923cc8a6322528b612dcd021ae558e116a2675
technical-evidence/k2-002-ep01-i2v-batch-r3/visual_qc/contact_sheets/EP01_SH15_LOWER_17.jpg,149254,874db04c19f8887cb2a2f0d863183e31746221db99e3d1b6af1892f73af4cd3f
technical-evidence/k2-002-ep01-i2v-batch-r3/visual_qc/contact_sheets/EP01_SH16_CONTACT_17.jpg,205690,cdcafaabcc2005ff16ab1623e96a354069d3e6ce3316c5de0bfb9be75c94bb34
technical-evidence/k2-002-ep01-i2v-batch-r3/visual_qc/contact_sheets/EP01_SH16_CONTACT_7.jpg,83962,8ae2810bd2dc7ac8ac24a20b775bfd2388a267379c077d6c83437fe4ff433bf0
technical-evidence/k2-002-ep01-i2v-batch-r3/visual_qc/contact_sheets/EP01_SH16_F24.jpg,11246,58f17c69e26d58809c6efc3f0152a57b1c34fe83fc6ac1db7f65077c8cbd64e5
technical-evidence/k2-002-ep01-i2v-batch-r3/visual_qc/contact_sheets/EP01_SH16_LOWER_17.jpg,125236,858d88b44a8bcf165d2c38ad573b3b05a54cc4e536495ea60df7a35cd75bb961
technical-evidence/k2-002-ep01-i2v-batch-r3/visual_qc/contact_sheets/EP01_SH17_CONTACT_17.jpg,154930,f0a051cadb12bb72cd67bb9368dd71cdfb0fff938abbeed0736a8d14e5a2c6bb
technical-evidence/k2-002-ep01-i2v-batch-r3/visual_qc/contact_sheets/EP01_SH17_CONTACT_7.jpg,63666,6f2b87b186957a0634c9f280099c584e93d8222d3fe630a0e896d06a7ad97da2
technical-evidence/k2-002-ep01-i2v-batch-r3/visual_qc/contact_sheets/EP01_SH17_F24.jpg,8812,91d10c02e6ceed3a9b618f2a805fbeb20f10a17bf4e6a91b345e323423ebc779
technical-evidence/k2-002-ep01-i2v-batch-r3/visual_qc/contact_sheets/EP01_SH17_LOWER_17.jpg,80426,09640bf450e3bfd3240f1559f65668ab22ac05ad5e5a5ad4347ae60e14537f34
technical-evidence/k2-002-ep01-i2v-batch-r3/visual_qc/contact_sheets/EP01_SH18_CONTACT_17.jpg,160818,36b8398000c8a6b2cf05756ffc03c31630c0ffe4fd3dda231760cff30e52db73
technical-evidence/k2-002-ep01-i2v-batch-r3/visual_qc/contact_sheets/EP01_SH18_CONTACT_7.jpg,66176,0f03862cc776ff4af7159f61764c8da9e9859ff75f049c8259dfd0c5d7e87a39
technical-evidence/k2-002-ep01-i2v-batch-r3/visual_qc/contact_sheets/EP01_SH18_F24.jpg,9192,a436a62df17a9c55c7b4a5fd9ad1e0292a1234defed2151acf5c6cbabf76ed84
technical-evidence/k2-002-ep01-i2v-batch-r3/visual_qc/contact_sheets/EP01_SH18_LOWER_17.jpg,83905,e9a7ae35e834af66dd261909c8b30eec9eea7e1878ffae0da72d66d9cf205362
technical-evidence/k2-002-ep01-i2v-v2-sh12-r5-anchor-only/FAILED_AFTER_RESERVATION.json,448,6db20e6abb49b25134f5a65459e5a923f77674fbb41b3e5a654a12619ab12d45
technical-evidence/k2-002-ep01-i2v-v2-sh12-r5-anchor-only/R3_R5_EVIDENCE_SHA256SUMS.txt,11031,d755fac1f4e44cc64c9c97273ed645d11de58c3ff90e4fd7033a1c9c15a3f335
technical-evidence/k2-002-ep01-i2v-v2-sh12-r5-anchor-only/RUN_ATTEMPT_1.json,149,01769a4448e1873e1c8ac35faf2d5b6ce10cb51ef94aac5a670a37f299b2a48c
technical-evidence/k2-002-ep01-i2v-v2-sh12-r5-anchor-only/comparisons/EP01_SH12_R3_vs_R5_anchor_full.jpg,486804,fbf1532e8ff3f55bf1b0bc83019d3933937b874b98d40f892093bf6424a64478
technical-evidence/k2-002-ep01-i2v-v2-sh12-r5-anchor-only/comparisons/EP01_SH12_R3_vs_R5_anchor_lower_body.jpg,269732,f7cdf7ea50c0d4856cdd25346a9fe1e01a24bf547a6e17c03e921fb7ff821722
technical-evidence/k2-002-ep01-i2v-v2-sh12-r5-anchor-only/forensics/R5_COMFYUI_LOG_EXCERPT.txt,8152,2494d32ec81d5f5ebb126f7c330bd95ab9b9d485a11bbfcd3742de2a99eb37db
technical-evidence/k2-002-ep01-i2v-v2-sh12-r5-anchor-only/forensics/R5_HISTORY_RESPONSE.json,1050,530626c9e543de36455f852f079688931727b379c59320a6353e288082373c5e
technical-evidence/k2-002-ep01-i2v-v2-sh12-r5-anchor-only/forensics/R5_OUTPUT_DIRECTORY_AUDIT.json,3430,d0546cf2b8ed56785bfa66ba8bd9887dad972d994a5539d66b5e72ad64e26a93
technical-evidence/k2-002-ep01-i2v-v2-sh12-r5-anchor-only/forensics/R5_OUTPUT_RECOVERY_AUDIT.json,1088,1f1d249a4706570d9e99635adb242f7dcae5798d53809e5f04c8f8e5bf33c999
technical-evidence/k2-002-ep01-i2v-v2-sh12-r5-anchor-only/forensics/R5_QUEUE_SNAPSHOT.json,411,b1a38258648630d8cb08a70660caa6c1f2af394c47f9d7522138c3986ef377ce
technical-evidence/k2-002-ep01-i2v-v2-sh12-r5-anchor-only/forensics/R5_RECOVERED.framemd5,4136,c35c0768b874d8528f70bca4fa8f02092b4bcb4e49753f7b1b9631c6f198bf36
technical-evidence/k2-002-ep01-i2v-v2-sh12-r5-anchor-only/forensics/R5_RECOVERED_MEDIA_ATTRIBUTION.json,5134,427a631dc96791451a70f1419d819fdf7f75047ecfe8bb7da92fc6293e16afd7
technical-evidence/k2-002-ep01-i2v-v2-sh12-r5-anchor-only/forensics/R5_RECOVERY_RECEIPT.json,1083,e7a813ff27d466769fee89c3d49c25f11657756f4e258ce9f0f73e764042bf11
technical-evidence/k2-002-ep01-i2v-v2-sh12-r5-anchor-only/forensics/R5_REQUEST.json,5171,9dbb96c95badc01bc5a81d758d415086cc8d9dee32b7eaf48b640016e3091e18
technical-evidence/k2-002-ep01-i2v-v2-sh12-r5-anchor-only/forensics/R5_RESPONSE.json,398,5a015b2fd667ef194dca7eb87db83ed26b9e04578ac3a726224f92901b7149a2
technical-evidence/k2-002-ep01-i2v-v2-sh12-r5-anchor-only/forensics/R5_TIMELINE.txt,1429,a0b3f15cd9352ac3696ed63a83150197d90da581321bb875dc2ab58f37f0faeb
technical-evidence/k2-002-ep01-i2v-v2-sh12-r5-anchor-only/forensics/R5_WEBSOCKET_EVENTS.jsonl,94,ac81176e80c78f40990d7c37d008516230b41aba1c44bede22aed03da4554e78
technical-evidence/k2-002-ep01-i2v-v2-sh12-r5-anchor-only/forensics/SHA256SUMS.txt,805,1c294bce26d37f9d8c40e089671027cc3b90d34cf9ff56b8f78a9f3c7f4a83c8
technical-evidence/k2-002-ep01-i2v-v2-sh12-r5-anchor-only/inputs/EP01_SH12_anchor_pre_step_r5.png,1093680,3ccfe06afa15a6fcf46450c0bc5edf2dc1a8e1b0be126a5f15e36b1e8f9d434d
technical-evidence/k2-002-ep01-i2v-v2-sh12-r5-anchor-only/inputs/EP01_SH12_anchor_pre_step_r5.provenance.json,0,e3b0c44298fc1c149afbf4c8996fb92427ae41e4649b934ca495991b7852b855
technical-evidence/k2-002-ep01-i2v-v2-sh12-r5-anchor-only/logs/comfyui.log,8152,2494d32ec81d5f5ebb126f7c330bd95ab9b9d485a11bbfcd3742de2a99eb37db
technical-evidence/k2-002-ep01-i2v-v2-sh12-r5-anchor-only/materialized/EP01_SH12_R5.workflow.json,3805,1a7df43fc45354c7c42084f3e73d8ba39540e1a29f4dc86670444da9b2fb87db
technical-evidence/k2-002-ep01-i2v-v2-sh12-r5-anchor-only/receipts/DRY_RUN.json,6806,9e4416e37a3231e99e9ee17ab97b29ab236d24d7cc22fed9fd21294990cfcc9a
technical-evidence/k2-002-ep01-i2v-v2-sh12-r5-anchor-only/recovered_media/EP01_SH12_R5_RECOVERED.mp4,688063,1d115e2bf71e11a8b57d1e891bf8e1fe08f483e32ae78be5a675d969fa2bd5c1
technical-evidence/k2-002-ep01-i2v-v2-sh12-r5-anchor-only/technical_validation/R3.ffprobe.json,400,1319e7628062c591a2a1ed1bf26c0b6eeb76c0e83f9b948ea2753d5bc9092bae
technical-evidence/k2-002-ep01-i2v-v2-sh12-r5-anchor-only/technical_validation/R3.framemd5,4136,04d0320326c93459fed27eb20d71be4b229780f95ac486a45b47e6450c95b252
technical-evidence/k2-002-ep01-i2v-v2-sh12-r5-anchor-only/technical_validation/R3_F0.png,900310,914aa1e4f948e1ea99bd859e3241652b391c3c1bc7ab5351facd9f413eaa82bd
technical-evidence/k2-002-ep01-i2v-v2-sh12-r5-anchor-only/technical_validation/R3_R5_OBJECTIVE_COMPARISON.json,725,1ddc4723ba5e7b871c89c77740e7ef53aca77583857c3bb366f052961374d03d
technical-evidence/k2-002-ep01-i2v-v2-sh12-r5-anchor-only/technical_validation/R3_VS_R5_SSIM_PER_FRAME.txt,3029,6d4825a8676c48704bce189a767fbddff4941b1ff8c9076d1b93a3c2f170df04
technical-evidence/k2-002-ep01-i2v-v2-sh12-r5-anchor-only/technical_validation/R5.ffprobe.json,435,07e29535124805dfccceca65c7dce983c1da24dc355eb1153ed93a0bc8dd9f14
technical-evidence/k2-002-ep01-i2v-v2-sh12-r5-anchor-only/technical_validation/R5.framemd5,4136,c35c0768b874d8528f70bca4fa8f02092b4bcb4e49753f7b1b9631c6f198bf36
technical-evidence/k2-002-ep01-i2v-v2-sh12-r5-anchor-only/technical_validation/R5_F0.png,998907,424cca36278ed1da6fedabb6b84f5a8f16f377f90e9893dc1734f22138f6e012
technical-evidence/k2-002-ep01-i2v-v2-sh12-r5-anchor-only/visual_qc/R3_FULL_SEQUENCE.jpg,835837,6b000b0815fa8bff6334e5a4d9023b9464e675543498a20cc1991298a8490d16
technical-evidence/k2-002-ep01-i2v-v2-sh12-r5-anchor-only/visual_qc/R3_LOWER_BODY_SEQUENCE.jpg,812124,22f8d96e76698879f53c1093e23da4844f280e673a1862eba68d3be83624468b
technical-evidence/k2-002-ep01-i2v-v2-sh12-r5-anchor-only/visual_qc/R3_R5_REVIEW.html,0,e3b0c44298fc1c149afbf4c8996fb92427ae41e4649b934ca495991b7852b855
technical-evidence/k2-002-ep01-i2v-v2-sh12-r5-anchor-only/visual_qc/R3_R5_VISUAL_QC.json,0,e3b0c44298fc1c149afbf4c8996fb92427ae41e4649b934ca495991b7852b855
technical-evidence/k2-002-ep01-i2v-v2-sh12-r5-anchor-only/visual_qc/R3_R5_VISUAL_QC.txt,0,e3b0c44298fc1c149afbf4c8996fb92427ae41e4649b934ca495991b7852b855
technical-evidence/k2-002-ep01-i2v-v2-sh12-r5-anchor-only/visual_qc/R3_VS_R5_FULL_SIDE_BY_SIDE.jpg,1779993,2d125aea086fd44cc124d460da9684338058800e10c47196509995659c38059c
technical-evidence/k2-002-ep01-i2v-v2-sh12-r5-anchor-only/visual_qc/R3_VS_R5_FULL_VIDEO.mp4,1626464,88a0fc88b0b2d72b230cb8f0b8b6f85a540bd194b4321a9087e11912e3f7689e
technical-evidence/k2-002-ep01-i2v-v2-sh12-r5-anchor-only/visual_qc/R3_VS_R5_GAIT_KEYFRAMES.jpg,1536013,da37fe4109e64398a8d0bac8ac950d74de955d2f871e0966337efdf101cac0b8
technical-evidence/k2-002-ep01-i2v-v2-sh12-r5-anchor-only/visual_qc/R3_VS_R5_LOWER_BODY_SIDE_BY_SIDE.jpg,1741240,fdfaed4ad82b5493696caf3c4ca657a30419d2b265a924ccf157cb57b76ce7d2
technical-evidence/k2-002-ep01-i2v-v2-sh12-r5-anchor-only/visual_qc/R3_VS_R5_LOWER_BODY_VIDEO.mp4,811654,8aa3c2c69c559065fc352e4424208550e87a0e2b559cb7e84ec9530de3b4cffe
technical-evidence/k2-002-ep01-i2v-v2-sh12-r5-anchor-only/visual_qc/R5_FULL_SEQUENCE.jpg,905548,162939885e78d0e4c1f366648d7bc8cf71c20f4d10462c76009af1e77a21ed1c
technical-evidence/k2-002-ep01-i2v-v2-sh12-r5-anchor-only/visual_qc/R5_LOWER_BODY_SEQUENCE.jpg,951153,3cf562a837afa0ac262c7ff1ad2af728c43db8722cc16cfccfff06fdb70e9c41
technical-evidence/k2-002-ep01-i2v-v2-sh12-r5-anchor-only/visual_qc/frames/R3/F00.png,900310,914aa1e4f948e1ea99bd859e3241652b391c3c1bc7ab5351facd9f413eaa82bd
technical-evidence/k2-002-ep01-i2v-v2-sh12-r5-anchor-only/visual_qc/frames/R3/F03.png,1012850,6145034094e3c52adf2da39dfd0445379728290500f1797254ac3c3e524e3624
technical-evidence/k2-002-ep01-i2v-v2-sh12-r5-anchor-only/visual_qc/frames/R3/F06.png,1040937,3067ac368d2392f6b66dd38f6f44a0a800e8d6a39dbd929b9c478445e1c4bf07
technical-evidence/k2-002-ep01-i2v-v2-sh12-r5-anchor-only/visual_qc/frames/R3/F09.png,1054882,3bda053c8766a7c3d7b5968850edd971f52c67e4a3b8498eecdced7ec0d9090b
technical-evidence/k2-002-ep01-i2v-v2-sh12-r5-anchor-only/visual_qc/frames/R3/F12.png,1053302,1ce0dabdcaf4231245a909aecb2ba6dc63f5f366468101257669ef359d49cda2
technical-evidence/k2-002-ep01-i2v-v2-sh12-r5-anchor-only/visual_qc/frames/R3/F15.png,1075964,b0cc8e1d13da2840468df08c05c81a505b420c7ca26c6e7b4c03a03dfa12ee54
technical-evidence/k2-002-ep01-i2v-v2-sh12-r5-anchor-only/visual_qc/frames/R3/F18.png,1088323,d8cbc26a13dc6aef58495f133f29466a29bc6f98ca713f78038de63ba522c2fc
technical-evidence/k2-002-ep01-i2v-v2-sh12-r5-anchor-only/visual_qc/frames/R3/F21.png,1091309,caa0dbc375c68d89ce075b0db085023585eb8f3c1b9f86b3f16f4b56afae11c4
technical-evidence/k2-002-ep01-i2v-v2-sh12-r5-anchor-only/visual_qc/frames/R3/F24.png,1094434,8e5905274c53ad5b18ef9f72e46786f1df2397478c9d6de787f83f4b87e7aaad
technical-evidence/k2-002-ep01-i2v-v2-sh12-r5-anchor-only/visual_qc/frames/R3/F27.png,1092171,36c96f748c2825654baecfed3048b6278ad2f8030d5cf86dd36a2e7c873ccd74
technical-evidence/k2-002-ep01-i2v-v2-sh12-r5-anchor-only/visual_qc/frames/R3/F30.png,1098839,20fed1f6a4f6ec59c26a384832f8177e65a4f1f23b10a8b705a68669f71529e4
technical-evidence/k2-002-ep01-i2v-v2-sh12-r5-anchor-only/visual_qc/frames/R3/F33.png,1103260,58a414100a18e9925f4e557eeb8667330bbbcea9c25161440520fd3c25e65a89
technical-evidence/k2-002-ep01-i2v-v2-sh12-r5-anchor-only/visual_qc/frames/R3/F36.png,1106905,a2568bf7dcafe2d92170cb86ced161fa970233d0c2535d2a1166009daa2b0247
technical-evidence/k2-002-ep01-i2v-v2-sh12-r5-anchor-only/visual_qc/frames/R3/F39.png,1113944,577c5a825dbbcad011401c8c05f35823230120a066db98a52336d5aabff4dd65
technical-evidence/k2-002-ep01-i2v-v2-sh12-r5-anchor-only/visual_qc/frames/R3/F42.png,1121283,d34bf90cddcc766d40f39aa77e796f9249d31e3625d89c1c32214e4c1f142de8
technical-evidence/k2-002-ep01-i2v-v2-sh12-r5-anchor-only/visual_qc/frames/R3/F45.png,1109662,c1bbd971915a8481b214ee17f65688b0244e3614f05433a5fc98e432de06df0e
technical-evidence/k2-002-ep01-i2v-v2-sh12-r5-anchor-only/visual_qc/frames/R3/F48.png,1103289,0e183d8f3313938e53698a4bbe9b20b2f2a104c3cb2d4a9783146602494b1561
technical-evidence/k2-002-ep01-i2v-v2-sh12-r5-anchor-only/visual_qc/frames/R5/F00.png,998907,424cca36278ed1da6fedabb6b84f5a8f16f377f90e9893dc1734f22138f6e012
technical-evidence/k2-002-ep01-i2v-v2-sh12-r5-anchor-only/visual_qc/frames/R5/F03.png,1089201,f791c0db43f0b22faaa42950d58fad78f4a0c819ce8358d10b0ba62baac0b516
technical-evidence/k2-002-ep01-i2v-v2-sh12-r5-anchor-only/visual_qc/frames/R5/F06.png,1111269,e051453bce466c1053944b100d926f15150fe057de1f499f52b363eb6b04566f
technical-evidence/k2-002-ep01-i2v-v2-sh12-r5-anchor-only/visual_qc/frames/R5/F09.png,1126768,fc21f1b0e885615d4474d959f44cdc04f12cf2d8a1d9d1ff122f8eb834b68eb0
technical-evidence/k2-002-ep01-i2v-v2-sh12-r5-anchor-only/visual_qc/frames/R5/F12.png,1132750,7ba720afd79125b78ac5ed8778bba511bfcc394f065ad14d1c5eecc0c3ed0765
technical-evidence/k2-002-ep01-i2v-v2-sh12-r5-anchor-only/visual_qc/frames/R5/F15.png,1157734,e53897b6e99774ad7a04b8cd4be0d93ea64c44a47fc03712cc094dd933328067
technical-evidence/k2-002-ep01-i2v-v2-sh12-r5-anchor-only/visual_qc/frames/R5/F18.png,1178241,41794169f03e668313fcbcdcce865bf70a46e718d0216c4ceee9b50f9580b17e
technical-evidence/k2-002-ep01-i2v-v2-sh12-r5-anchor-only/visual_qc/frames/R5/F21.png,1182441,bfd25629d53e4bf2eb8744e6a438b32d807335c727aa5939f6b857fd03f88be7
technical-evidence/k2-002-ep01-i2v-v2-sh12-r5-anchor-only/visual_qc/frames/R5/F24.png,1188385,9311fa0d2b4eeebf9232741aa20cfd2f0c4e4e6322fd25822b2ea1f91a4fc9aa
technical-evidence/k2-002-ep01-i2v-v2-sh12-r5-anchor-only/visual_qc/frames/R5/F27.png,1190348,e18cebe9d8fc9412b8111a3160c089f93ca2f9a95a1be22fb5ecc25ee20d6510
technical-evidence/k2-002-ep01-i2v-v2-sh12-r5-anchor-only/visual_qc/frames/R5/F30.png,1204407,fd10dd830dce40a7b5242e7796808360dd277e01a0216921a81488d1b2d35cce
technical-evidence/k2-002-ep01-i2v-v2-sh12-r5-anchor-only/visual_qc/frames/R5/F33.png,1205655,0f36174e3588ff8c8928d38c1244db7ef0e16ae379838326fdba3a3057957690
technical-evidence/k2-002-ep01-i2v-v2-sh12-r5-anchor-only/visual_qc/frames/R5/F36.png,1210078,779800d67cdd667b73f59875afe90ff0c1d6e7820c5ae47807f40b4b067178ec
technical-evidence/k2-002-ep01-i2v-v2-sh12-r5-anchor-only/visual_qc/frames/R5/F39.png,1196523,4a8734da7730fcbd18bd0a72bf59ebf4ff0a71a9155f0349488ce6af0fb3f745
technical-evidence/k2-002-ep01-i2v-v2-sh12-r5-anchor-only/visual_qc/frames/R5/F42.png,1199679,fb2cae29d33175494d30574302cd045e8f3143e6180e645cf9ea5d5ba87e6f68
technical-evidence/k2-002-ep01-i2v-v2-sh12-r5-anchor-only/visual_qc/frames/R5/F45.png,1184277,93a7023176b88da790538f33a110bd4cfc090e8fcb8e99c1ac406085a2e552a1
technical-evidence/k2-002-ep01-i2v-v2-sh12-r5-anchor-only/visual_qc/frames/R5/F48.png,1173984,27f5238b1b05ab8f7782d506b23cb0ed0b2bb6e307a851a7c588b417ca865534
technical-evidence/k2-002-ep01-sh03-r3-recovered/CONTACT_SHEET.jpg,243748,046b4370416350168b261561f571c1982511120a019235bc97b467d314f3753f
technical-evidence/k2-002-ep01-sh03-r3-recovered/EP01_SH03_R3_RECOVERED.framemd5,4136,0a98b0f95fa9ee86816dc26f36b46f84ca72aea67eda1207daedc836ea72101b
technical-evidence/k2-002-ep01-sh03-r3-recovered/FFPROBE.json,6193,c5a04c3d38601c398d26c838055de4e0d3ee0be0b96b90faf154a8dded91d70b
technical-evidence/k2-002-ep01-sh03-r3-recovered/RECOVERY_PROVENANCE.json,2085,c8708339cda570e437b303bdfe17efd2734682688a894cd8cea8a2fe1b85e1d6
technical-evidence/k2-002-ep01-sh03-r3-recovered/SHA256SUMS.txt,881,76d711e620e3de05c3cfb78236d933baa53ccc65ba42aa64904b50ea2d6b81e3
technical-evidence/k2-002-ep01-sh03-r3-recovered/SOURCE_PATH.txt,108,f9925941c6893b9a37a1c7d717ff869a70ea1b976cb43a3498359ffdc12bff81
technical-evidence/k2-002-ep01-sh03-r3-recovered/media/EP01_SH03_R3_RECOVERED.mp4,545098,6b936a8bb59654888dabd4d8439fb5b6f182516c3687a53da139435a4cb8d179
